step,system_total_stopped,system_total_waiting_time,system_mean_waiting_time,system_mean_speed,B_stopped,B_accumulated_waiting_time,B_average_speed,E_stopped,E_accumulated_waiting_time,E_average_speed,agents_total_stopped,agents_total_accumulated_waiting_time
5.0,1,0.0,0.0,3.1615635582187678,0,0.0,1.0,0,0.0,1.0,0,0.0
10.0,0,0.0,0.0,7.440333786252789,0,0.0,0.9099353625385277,0,0.0,1.0,0,0.0
15.0,0,0.0,0.0,9.891240761285209,0,0.0,0.42662218091233445,0,0.0,0.8172575215032623,0,0.0
20.0,2,7.0,0.5384615384615384,7.793800723095563,1,4.0,0.46160005125807346,1,3.0,0.30947121664416744,2,7.0
25.0,3,12.0,0.75,7.510422143392809,2,11.0,0.5467017957641664,1,5.0,0.4927769130186564,3,16.0
30.0,6,31.0,1.8235294117647058,5.5447304641311534,4,26.0,0.27258324220303004,2,8.0,0.27286410360157054,6,34.0
35.0,6,60.0,3.0,5.755524573824464,3,40.0,0.4444152612332349,3,23.0,0.4445535984424522,6,63.0
40.0,12,102.0,4.434782608695652,4.515756163262841,4,54.0,7.569125427131948e-06,6,48.0,0.10616716186511195,10,102.0
45.0,8,124.0,5.636363636363637,5.424776109894267,3,67.0,0.0,5,57.0,0.2880884532361414,8,124.0
50.0,9,164.0,7.454545454545454,6.178854990829286,3,82.0,0.14208378635881666,5,82.0,0.0030070138263377302,8,164.0
55.0,7,112.0,5.333333333333333,6.002398665177739,0,25.0,0.4971165559190034,6,112.0,0.14581988577600707,6,137.0
60.0,6,136.0,6.8,5.373723339082964,0,0.0,0.9003191446608302,6,142.0,0.27732618867029485,6,142.0
65.0,9,172.0,7.818181818181818,6.452141559174856,0,0.0,0.6090727307230435,8,175.0,0.3608104100249142,8,175.0
70.0,4,73.0,3.3181818181818183,6.237316726535261,1,2.0,0.5569130495345459,3,113.0,0.2535191927585324,4,115.0
75.0,7,96.0,4.571428571428571,6.595572095709328,2,14.0,0.5702873689475129,4,88.0,0.26882652123644785,6,102.0
80.0,7,131.0,5.954545454545454,8.024738854957514,2,24.0,0.6772332694689307,5,113.0,0.14994976097981108,7,137.0
85.0,8,168.0,8.4,5.019674544473134,3,33.0,0.16322764213009427,5,138.0,0.13813729601445643,8,171.0
90.0,12,215.0,10.238095238095237,5.0241227198728025,4,52.0,0.15115296098338624,6,166.0,7.061388305695797e-05,10,218.0
95.0,9,243.0,12.15,5.789351382945535,4,72.0,0.1840028095177361,5,174.0,0.12757032887941197,9,246.0
100.0,7,257.0,12.238095238095237,5.29250972409456,2,71.0,0.2158554977760593,5,199.0,0.13091005884005305,7,270.0
105.0,9,296.0,14.095238095238095,4.956430164832453,3,72.0,2.6991249385011214e-05,5,224.0,0.1610453029689074,8,296.0
110.0,9,336.0,14.0,6.408241185379296,3,87.0,0.0,5,249.0,0.30891976246817393,8,336.0
115.0,9,342.0,14.25,5.570468173827794,2,61.0,0.47754844792828993,7,281.0,0.09199632390644957,9,342.0
120.0,11,395.0,17.17391304347826,5.543541943125865,3,74.0,0.4736471003935134,8,321.0,0.10975719765424859,11,395.0
125.0,12,278.0,10.692307692307692,4.6078829539785024,5,91.0,0.16793589782686438,6,271.0,0.24381471885427036,11,362.0
130.0,10,237.0,9.115384615384615,5.390714925395348,5,119.0,0.2526432237091592,5,160.0,0.34385310260926644,10,279.0
135.0,10,163.0,6.52,4.8110170789217275,3,59.0,0.37154284317945446,7,150.0,0.22892483007422987,10,209.0
140.0,10,201.0,7.730769230769231,4.81169437457583,3,22.0,0.362393717905825,7,185.0,0.1966537645821872,10,207.0
145.0,13,255.0,8.793103448275861,6.225481157992448,5,41.0,0.15786371420013748,7,220.0,0.38022517065378886,12,261.0
150.0,12,315.0,10.5,6.459071127514708,5,66.0,0.2195132068181444,7,252.0,0.2863121890077128,12,318.0
155.0,15,380.0,14.074074074074074,4.723022448725509,5,91.0,0.29136412877879614,10,292.0,0.00018352602697748537,15,383.0
160.0,15,439.0,17.56,3.4180787307264757,5,100.0,0.21948579049699868,10,342.0,0.0895501955265683,15,442.0
165.0,11,306.0,10.928571428571429,4.2443741282856395,6,129.0,0.0,4,218.0,0.2340311259532933,10,347.0
170.0,9,266.0,9.172413793103448,5.869907608282313,4,118.0,0.42739577509029947,4,188.0,0.15423655430625896,8,306.0
175.0,6,225.0,7.5,7.549534332771384,2,62.0,0.36433897467142384,4,208.0,0.0,6,270.0
180.0,10,266.0,8.866666666666667,7.010974475809319,6,46.0,0.11440315914849351,4,228.0,0.12299038138215801,10,274.0
185.0,13,319.0,11.0,5.408138385889815,7,76.0,0.12361792338284633,4,248.0,0.1872884407461309,11,324.0
190.0,11,374.0,15.583333333333334,5.253546416165533,7,111.0,0.21468354244022395,4,268.0,0.20033362666252766,11,379.0
195.0,13,419.0,18.217391304347824,3.4088011913162166,8,132.0,0.12160891596982283,5,292.0,0.2759383692344837,13,424.0
200.0,16,494.0,22.454545454545453,2.5477926128995043,9,177.0,0.08211472408898093,7,322.0,0.01561180100125983,16,499.0
205.0,13,517.0,23.5,3.2267321254871506,6,166.0,0.13156070798581135,7,353.0,0.12342047181607849,13,519.0
210.0,14,582.0,26.454545454545453,3.3542495166022124,6,199.0,0.1336435356718181,7,394.0,0.21299763464400917,13,593.0
215.0,7,203.0,8.826086956521738,4.779271457001469,3,147.0,0.21639652584313165,4,174.0,0.3264112062191959,7,321.0
220.0,4,98.0,4.454545454545454,6.05259745741526,0,74.0,0.5264176548000586,4,101.0,0.19919489930081807,4,175.0
225.0,6,127.0,5.08,7.250885040102979,0,0.0,1.0,6,130.0,0.3664774455417461,6,130.0
230.0,7,159.0,6.625,6.3433459584158784,0,0.0,1.0,7,162.0,0.32674468852359057,7,162.0
235.0,11,205.0,9.761904761904763,4.201774025243422,0,0.0,0.8427029050967046,11,208.0,0.16382903556419134,11,208.0
240.0,9,172.0,7.818181818181818,4.0710230307794015,1,1.0,0.19905146696726495,7,200.0,0.20205618158010277,8,201.0
245.0,8,203.0,9.227272727272727,6.537789523170957,1,9.0,0.722133359739965,6,197.0,0.0,7,206.0
250.0,7,238.0,10.347826086956522,7.297362223474528,1,14.0,0.6748063780541982,6,227.0,0.10219717175058249,7,241.0
255.0,8,274.0,11.91304347826087,5.229896238332915,2,20.0,0.2427640740109069,6,257.0,0.0,8,277.0
260.0,10,318.0,15.9,4.362084103273067,4,31.0,0.2247410675590835,6,287.0,0.0322179030382832,10,318.0
265.0,14,374.0,18.7,2.8074312278502527,6,54.0,0.00039458733862233667,7,320.0,3.87579527387826e-05,13,374.0
270.0,14,439.0,21.95,2.9774791955674544,6,84.0,0.1355712355966957,7,355.0,0.12251180271847646,13,439.0
275.0,11,470.0,21.363636363636363,3.059111303767692,4,95.0,0.030507341422759158,7,390.0,0.10381496700561013,11,485.0
280.0,11,409.0,17.041666666666668,4.805751432248477,4,88.0,0.22548946048904636,6,372.0,0.1857508898443136,10,460.0
285.0,10,390.0,13.928571428571429,5.608243969399106,4,111.0,0.3225223053404968,5,304.0,0.3286848274781753,9,415.0
290.0,14,444.0,14.32258064516129,4.9757232799545195,4,131.0,0.45642830387387,8,319.0,0.1211421166462211,12,450.0
295.0,16,512.0,14.628571428571428,4.7859298214407335,5,152.0,0.3972087535889288,11,366.0,0.1304522886300044,16,518.0
300.0,15,490.0,14.0,4.98330724569654,3,67.0,0.33973483453350944,12,426.0,0.23183115082139202,15,493.0
305.0,16,567.0,15.324324324324325,5.47496864321245,4,84.0,0.40025477377604496,12,489.0,0.10816807413456361,16,573.0
310.0,22,659.0,17.81081081081081,4.486609374189888,6,107.0,0.00010021111281322639,15,558.0,0.13907278831668302,21,665.0
315.0,22,766.0,21.27777777777778,3.9025337660032986,6,137.0,0.2938724686384713,16,632.0,6.0434413096202445e-05,22,769.0
320.0,17,753.0,23.53125,2.752572510277065,7,168.0,0.17965018153918894,10,615.0,0.04670669791141942,17,783.0
325.0,19,829.0,25.12121212121212,4.500781870702958,9,212.0,0.13892809902597028,10,620.0,0.14121497957741078,19,832.0
330.0,14,800.0,24.242424242424242,5.180326860879123,5,147.0,0.31180383658602745,9,662.0,0.016113678855248843,14,809.0
335.0,17,877.0,26.575757575757574,5.5861139385700485,7,172.0,0.21072688308172252,10,711.0,1.4199318263587648e-05,17,883.0
340.0,19,955.0,31.833333333333332,3.5842434931067824,7,207.0,0.15133506319371137,10,754.0,3.5882321342208505e-05,17,961.0
345.0,19,1043.0,37.25,3.060225332287395,8,248.0,0.18506988036085195,10,804.0,0.05155024209265124,18,1052.0
350.0,20,1134.0,39.10344827586207,2.8941225865815503,9,289.0,0.15883314129781292,10,854.0,0.2183502972445838,19,1143.0
355.0,19,1225.0,37.121212121212125,2.572387856392064,9,330.0,0.04269971295383605,10,904.0,0.09275181383058151,19,1234.0
360.0,20,1322.0,36.72222222222222,3.928519129173987,9,375.0,0.17801633780100232,10,954.0,0.12928559582647106,19,1329.0
365.0,18,1359.0,33.975,4.911110220588472,6,361.0,0.19944590912271692,10,1004.0,0.15884714997215907,16,1365.0
370.0,19,1452.0,35.41463414634146,5.90002446052942,7,380.0,0.21079324658591536,10,1054.0,0.062319112355410926,17,1434.0
375.0,21,1553.0,40.86842105263158,4.513751449572001,8,419.0,0.12246836233997684,11,1106.0,0.229718915445366,19,1525.0
380.0,24,1668.0,47.65714285714286,2.4753407488888426,10,468.0,0.08124465369613242,12,1162.0,0.08466159589050443,22,1630.0
385.0,27,1783.0,52.44117647058823,1.2688526005775327,10,504.0,0.07938731727954275,14,1231.0,0.0016601472933273007,24,1735.0
390.0,26,1897.0,55.794117647058826,1.8123503525369062,11,559.0,0.1459609395752583,13,1280.0,0.0015932596732025853,24,1839.0
395.0,25,1998.0,57.08571428571429,2.2895578963335814,9,581.0,0.019842908947075057,14,1349.0,0.05567045705292427,23,1930.0
400.0,24,2095.0,58.19444444444444,2.4314124365890235,9,626.0,0.08504611113920245,13,1402.0,0.07623443711606151,22,2028.0
405.0,24,2193.0,62.65714285714286,3.1665721617307887,9,655.0,0.10002108364512992,13,1456.0,0.11924202860315779,22,2111.0
410.0,25,2315.0,66.14285714285714,3.219179138011235,9,700.0,0.25338133908185695,14,1526.0,0.11617841189965858,23,2226.0
415.0,23,1986.0,55.166666666666664,2.414388769713353,6,498.0,0.16015816054818613,14,1596.0,0.06474888440239557,20,2094.0
420.0,17,1789.0,48.351351351351354,4.415190739935606,1,112.0,0.24995996911278145,14,1652.0,1.7342018853819372e-05,15,1764.0
425.0,18,1874.0,50.648648648648646,5.492897538857752,1,21.0,0.42682075472470354,14,1722.0,0.11591370632377497,15,1743.0
430.0,16,1105.0,33.484848484848484,3.9941918903043,3,29.0,0.000885308304203508,10,1284.0,0.078326139928152,13,1313.0
435.0,8,297.0,9.28125,6.23815544237218,3,44.0,0.3441952139948105,2,673.0,0.2232304475751359,5,717.0
440.0,5,73.0,2.212121212121212,7.501332796168733,3,59.0,0.3530868356557079,2,377.0,0.4331174421541288,5,436.0
445.0,6,100.0,3.3333333333333335,9.082438742985982,3,74.0,0.4446328474253111,3,102.0,0.4843613262214569,6,176.0
450.0,9,133.0,4.75,6.540465774424293,4,90.0,0.22586463948937036,4,43.0,0.313888808468835,8,133.0
455.0,11,182.0,7.0,5.390830535031103,6,116.0,0.2758407889014188,5,66.0,0.16363615524929565,11,182.0
460.0,14,240.0,8.571428571428571,4.6378378114660075,7,148.0,0.16320592140556614,6,92.0,0.05682453535989478,13,240.0
465.0,17,315.0,10.5,3.180452943487367,9,190.0,0.0807923067954864,7,125.0,0.13514749200521337,16,315.0
470.0,22,411.0,13.258064516129032,2.8415911119444432,12,243.0,4.7424922677311765e-06,10,168.0,0.1013320874946793,22,411.0
475.0,21,476.0,15.35483870967742,2.186113787123286,9,260.0,0.09378720057861617,12,223.0,8.934391476065403e-05,21,483.0
480.0,22,582.0,18.1875,3.0914757597844167,10,299.0,0.09316339976077025,12,286.0,0.18474014707601583,22,585.0
485.0,24,697.0,22.483870967741936,2.19817655776183,11,352.0,0.010298567426961218,13,348.0,0.15111800443093143,24,700.0
490.0,27,823.0,24.205882352941178,1.8777845850330694,12,410.0,2.8463471668587344e-05,14,416.0,0.06146009925185413,26,826.0
495.0,22,755.0,22.87878787878788,2.778000790108983,8,272.0,0.1012370748608995,14,486.0,0.002126002595400839,22,758.0
500.0,23,870.0,27.1875,2.6212926603219446,8,312.0,0.0013395370151002058,15,561.0,0.022429569200339994,23,873.0
505.0,26,993.0,32.03225806451613,1.3048847410295028,9,357.0,0.0012901058824330211,16,639.0,0.003988504773804681,25,996.0
510.0,21,913.0,29.451612903225808,1.6222479680653286,10,407.0,2.4259808372954696e-06,11,563.0,0.08683914147452411,21,970.0
515.0,20,1005.0,28.714285714285715,3.6486151301885226,10,463.0,0.21671895014345477,10,548.0,0.029832332299221845,20,1011.0
520.0,22,1112.0,31.771428571428572,4.3935435148896085,10,513.0,0.3580189360835659,11,600.0,0.0033541276242842685,21,1113.0
525.0,18,818.0,24.058823529411764,2.1808569069299764,5,271.0,0.1092116327437956,12,659.0,0.09000320687728815,17,930.0
530.0,18,779.0,21.63888888888889,4.977131789532542,3,65.0,0.1746366963849577,14,729.0,0.16508365264494393,17,794.0
535.0,18,869.0,24.13888888888889,5.897866962431476,3,59.0,0.23766286572792988,14,799.0,0.31746556492674355,17,858.0
540.0,15,600.0,16.216216216216218,3.962836549593578,3,74.0,0.0055783078017912135,11,595.0,0.21588866464029022,14,669.0
545.0,18,645.0,17.916666666666668,3.844995532268188,4,94.0,0.17027430206792482,12,523.0,0.140189841817911,16,617.0
550.0,19,736.0,19.89189189189189,4.788834905680776,4,114.0,0.18599769153899534,13,584.0,0.11273069626563313,17,698.0
555.0,18,770.0,22.647058823529413,4.289683951940288,2,98.0,0.4101698132951576,13,649.0,0.09287517971943907,15,747.0
560.0,13,740.0,23.870967741935484,4.7961136361894585,3,82.0,0.1451058473119703,8,638.0,0.15529754943672244,11,720.0
565.0,15,799.0,28.535714285714285,5.733464648368432,4,104.0,0.38673336452762636,8,638.0,0.0006773000441937144,12,742.0
570.0,13,863.0,33.19230769230769,5.596715704075961,4,124.0,0.4225596377860363,7,672.0,0.0,11,796.0
575.0,15,931.0,38.791666666666664,3.3897336306219508,6,144.0,0.12398552797230604,7,707.0,0.0,13,851.0
580.0,14,998.0,45.36363636363637,2.3479283598498855,4,162.0,0.03297177089694752,7,742.0,0.0,11,904.0
585.0,18,1073.0,41.26923076923077,2.6185506642734495,6,183.0,0.008002919819144964,7,777.0,0.0,13,960.0
590.0,16,1148.0,42.51851851851852,3.717651612764693,6,208.0,0.0,7,812.0,0.07839079873049459,13,1020.0
595.0,18,1234.0,47.46153846153846,2.999923443241592,6,238.0,0.21007542720637185,8,853.0,0.3066668598369328,14,1091.0
600.0,19,1278.0,47.333333333333336,2.0227248574676513,7,271.0,0.0,7,829.0,0.1422534547929266,14,1100.0
605.0,19,1373.0,50.851851851851855,3.2379138447588276,7,306.0,0.11635769627160436,7,864.0,0.058614095881315116,14,1170.0
610.0,17,1288.0,44.41379310344828,2.937104534297002,5,230.0,0.012544026462687598,7,896.0,0.0,12,1126.0
615.0,12,1182.0,47.28,4.293784134258643,1,120.0,0.31821435646244,7,934.0,0.19537676330131226,8,1054.0
620.0,11,1218.0,45.111111111111114,4.958786994283827,1,72.0,0.40235990284503087,7,966.0,0.3511882786615369,8,1038.0
625.0,15,1282.0,45.785714285714285,4.665516336838961,2,33.0,0.03177078079610022,8,1005.0,0.26887678460152736,10,1038.0
630.0,13,1343.0,44.766666666666666,5.0751670338316135,3,48.0,0.27649702619260175,7,1055.0,0.3050950328083595,10,1103.0
635.0,17,1418.0,50.642857142857146,3.827444593652731,3,63.0,0.2008613993402947,10,1096.0,0.19868458441380724,13,1159.0
640.0,16,1447.0,51.67857142857143,2.6149286593613117,4,83.0,0.13798126479627,8,1066.0,0.03196990845586697,12,1149.0
645.0,17,1531.0,56.7037037037037,4.011894921200558,5,113.0,0.31225589333969095,8,1106.0,0.13683582153751198,13,1219.0
650.0,15,1553.0,55.464285714285715,4.4412100798241045,3,92.0,0.5892436974211566,7,1129.0,0.0,10,1221.0
655.0,16,1628.0,54.266666666666666,5.029060971930454,5,109.0,0.14417315184196292,7,1170.0,0.20354270727951124,12,1279.0
660.0,16,1708.0,58.89655172413793,5.073964246317106,5,134.0,0.15779849450534325,7,1205.0,0.3472729041683997,12,1339.0
665.0,17,1788.0,63.857142857142854,4.28613179330238,5,159.0,0.13597932628648082,7,1237.0,0.22334774821283263,12,1396.0
670.0,17,1868.0,66.71428571428571,4.563797670943798,5,184.0,0.22394850230522723,7,1269.0,0.18258300431592814,12,1453.0
675.0,13,1861.0,62.03333333333333,4.61944580868805,3,180.0,0.18130823155078848,6,1268.0,0.0,9,1448.0
680.0,14,1904.0,63.46666666666667,4.691076116211745,3,148.0,0.3616742148449354,6,1298.0,0.1147184268076311,9,1446.0
685.0,16,1979.0,68.24137931034483,4.538524240804282,5,168.0,0.164236205281623,6,1328.0,0.18600592831893376,11,1496.0
690.0,19,2061.0,71.06896551724138,3.1141130671791757,5,193.0,0.0,7,1361.0,0.336016131225854,12,1554.0
695.0,14,2107.0,72.65517241379311,4.7883457332757,3,186.0,0.2061782497660045,6,1388.0,0.2987659957875065,9,1574.0
700.0,15,2178.0,75.10344827586206,4.2619309676565,3,204.0,0.43951727698028437,7,1425.0,0.2610348829157154,10,1629.0
705.0,15,2227.0,71.83870967741936,4.66793082668286,2,196.0,0.5611388998341559,7,1458.0,0.2501293221012798,9,1654.0
710.0,14,2297.0,74.09677419354838,5.215416264392507,2,203.0,0.4219542513513327,7,1487.0,0.17826629694523802,9,1690.0
715.0,15,2369.0,81.6896551724138,4.52524696165764,3,215.0,0.1796344679835376,7,1522.0,0.0,10,1737.0
720.0,15,2444.0,106.26086956521739,4.003574257567742,3,230.0,0.0,7,1558.0,0.3029248547473187,10,1788.0
725.0,15,2508.0,125.4,2.545028321980059,2,233.0,0.0,8,1595.0,0.22080384218015292,10,1828.0
730.0,15,2583.0,123.0,1.4105374337526315,2,243.0,0.0,8,1634.0,0.001083128854730157,10,1877.0
735.0,16,2663.0,121.04545454545455,2.94511969151726,2,253.0,0.31726834352447414,9,1679.0,0.0,11,1932.0
740.0,16,2733.0,130.14285714285714,2.4652601559285947,2,263.0,0.0,8,1714.0,0.10596919200331106,10,1977.0
745.0,15,2808.0,133.71428571428572,2.8492933417710598,2,273.0,0.0,8,1754.0,0.11089935419885316,10,2027.0
750.0,14,2261.0,98.30434782608695,3.4877789406891777,2,283.0,0.0,6,1473.0,0.20159579293342908,8,1756.0
755.0,12,1947.0,77.88,4.611363195482037,2,296.0,0.29210652055608993,4,1145.0,0.2060244570405876,6,1441.0
760.0,7,703.0,27.03846153846154,5.690128529857768,2,307.0,0.5904204147862456,1,829.0,0.32123490640830804,3,1136.0
765.0,7,333.0,12.333333333333334,6.496862338329935,4,321.0,0.41553778997637403,3,477.0,0.30669851387042507,7,798.0
770.0,7,368.0,13.62962962962963,6.944682596548385,4,337.0,0.4485490643546578,3,346.0,0.28286674052677313,7,683.0
775.0,12,413.0,14.75,6.357937457404449,7,365.0,0.326683304582923,4,48.0,0.20269585623720818,11,413.0
780.0,11,450.0,15.0,6.179014855560072,5,466.0,0.2666064416102979,5,72.0,0.31383431016212243,10,538.0
785.0,13,506.0,17.448275862068964,5.650132565928464,6,488.0,0.20214234331320197,7,100.0,0.00022354701859231244,13,588.0
790.0,14,217.0,8.346153846153847,4.434553246252216,7,164.0,0.22957773372646786,7,135.0,0.0,14,299.0
795.0,15,290.0,12.608695652173912,3.3367205483751246,8,202.0,0.09685847639057536,7,170.0,0.26802390160478856,15,372.0
800.0,11,297.0,12.375,3.111820032508907,4,188.0,0.019990300315266656,7,205.0,0.10046878727652847,11,393.0
805.0,13,357.0,14.28,4.887478032526223,4,112.0,0.4014229118810255,8,251.0,0.1658178871056995,12,363.0
810.0,13,422.0,15.071428571428571,5.066831958061288,4,132.0,0.19546179347861858,9,296.0,0.2004043764274059,13,428.0
815.0,15,491.0,17.535714285714285,5.346415716650356,5,153.0,0.24131901244479684,10,341.0,0.2028984533930003,15,494.0
820.0,17,570.0,19.655172413793103,3.4862636499124657,7,182.0,0.15054393276252764,10,391.0,0.15337439317785592,17,573.0
825.0,20,655.0,20.46875,3.841582224408847,7,214.0,0.21313595411740704,11,444.0,0.15872799381826116,18,658.0
830.0,20,749.0,24.161290322580644,2.988716485308145,7,249.0,0.11015951143974914,12,506.0,0.129673532520274,19,755.0
835.0,21,851.0,26.59375,3.645260413985022,7,284.0,0.0,14,573.0,0.17089539411328392,21,857.0
840.0,22,956.0,28.96969696969697,3.3244224902794386,7,319.0,0.2033803515384515,14,640.0,0.07302462370536843,21,959.0
845.0,24,1072.0,30.62857142857143,2.6564789181447868,8,356.0,0.19889891996849665,16,719.0,0.026646271876193166,24,1075.0
850.0,22,979.0,27.194444444444443,2.781359404691017,9,394.0,0.14333210208303718,12,634.0,0.12658378801814005,21,1028.0
855.0,22,1065.0,26.625,4.441192151526839,9,439.0,0.09933485569007657,13,633.0,0.13134557578782344,22,1072.0
860.0,22,1170.0,29.25,4.971739185246567,10,485.0,0.09996595032136235,12,692.0,0.2089242468097247,22,1177.0
865.0,26,1287.0,34.78378378378378,2.1889177695633877,11,541.0,0.15724945064436335,14,755.0,0.09273577076467274,25,1296.0
870.0,26,1412.0,36.205128205128204,2.479087509511752,10,589.0,0.0793897715990587,16,833.0,0.0010167544712385637,26,1422.0
875.0,29,1546.0,38.65,2.968219386611783,10,635.0,0.07955761140863779,17,921.0,0.13523470242381383,27,1556.0
880.0,24,1364.0,32.476190476190474,3.5748942369464096,8,599.0,0.1570407297017589,15,841.0,0.1528530598236859,23,1440.0
885.0,23,1409.0,32.76744186046512,4.066638080768343,9,612.0,0.17703563967540273,12,835.0,0.0510121154980854,21,1447.0
890.0,24,1526.0,34.68181818181818,4.166913182753824,9,657.0,0.0,13,898.0,0.09908314319450323,22,1555.0
895.0,28,1659.0,43.6578947368421,2.567050303894325,9,702.0,0.044349657383770995,16,976.0,0.053770548924781496,25,1678.0
900.0,23,1301.0,35.16216216216216,2.572634660600592,5,494.0,0.2634377120034047,15,1024.0,0.008859303538530613,20,1518.0
905.0,18,1100.0,28.94736842105263,4.572222826087629,2,204.0,0.376567104320707,15,1063.0,0.10920774860420175,17,1267.0
910.0,21,1170.0,30.0,4.676239923639888,3,107.0,0.18137152803428847,17,1140.0,0.15777021750551332,20,1247.0
915.0,23,1278.0,35.5,3.3628423706233215,4,75.0,0.17038584218399785,19,1228.0,0.12355733315885224,23,1303.0
920.0,23,1379.0,38.30555555555556,2.63227770024092,5,79.0,0.12610774404797828,18,1304.0,0.11715749903999716,23,1383.0
925.0,24,1495.0,40.4054054054054,3.8316093029986775,5,104.0,0.2418857229400084,19,1394.0,0.12616822896475705,24,1498.0
930.0,26,1619.0,46.25714285714286,2.770541787235354,5,129.0,0.104324431298411,21,1493.0,0.0713429338901785,26,1622.0
935.0,30,1754.0,51.588235294117645,0.6408844952962685,7,159.0,0.07254268333000442,21,1598.0,0.0003927654488123159,28,1757.0
940.0,28,1885.0,55.44117647058823,1.4621929165323646,7,194.0,0.11162016523478503,21,1694.0,3.633565685945664e-07,28,1888.0
945.0,26,1949.0,52.67567567567568,1.799714064788274,5,156.0,0.14303936985955032,21,1799.0,0.011923000776152687,26,1955.0
950.0,27,2082.0,54.78947368421053,2.810581752610415,5,181.0,0.27105867160105585,22,1907.0,0.000467063581780111,27,2088.0
955.0,28,2217.0,56.84615384615385,2.1517956000587675,6,209.0,0.11268312177419502,22,2014.0,0.04081259315205969,28,2223.0
960.0,29,2357.0,62.026315789473685,2.4974667759647566,6,239.0,0.0,22,2124.0,0.0650931946394771,28,2363.0
965.0,21,1196.0,31.473684210526315,2.348410440079785,6,269.0,0.0,15,1522.0,0.08883309318843736,21,1791.0
970.0,10,384.0,9.365853658536585,5.337763269745943,6,305.0,0.22202171417517064,4,522.0,0.18381157061138348,10,827.0
975.0,13,437.0,9.71111111111111,8.163372497558507,6,335.0,0.5725243736606942,5,190.0,0.4119132792607625,11,525.0
980.0,9,272.0,5.787234042553192,7.536120901668642,3,214.0,0.5274574808277799,5,136.0,0.1927043517386684,8,350.0
985.0,10,313.0,6.955555555555556,8.443690722849444,3,154.0,0.3934970010801087,6,165.0,0.3816640416660136,9,319.0
990.0,11,367.0,9.41025641025641,7.166673713331477,4,174.0,0.28889855412657506,7,199.0,0.33559812692312774,11,373.0
995.0,13,432.0,11.675675675675675,6.466977414287198,4,194.0,0.39799358955590286,9,241.0,0.12382100154450965,13,435.0
1000.0,14,502.0,16.193548387096776,5.258209652383552,4,214.0,0.2811199348675558,10,291.0,0.07524215073681809,14,505.0
1005.0,16,551.0,20.40740740740741,3.0275874473624613,5,237.0,0.13928391049130256,10,331.0,0.007435926134644663,15,568.0
1010.0,14,612.0,21.857142857142858,3.9623858914652224,5,261.0,0.2610411433162906,9,357.0,0.0,14,618.0
1015.0,15,682.0,24.357142857142858,5.306481009587584,5,283.0,0.4683070145007139,9,402.0,0.18801241446120476,14,685.0
1020.0,15,570.0,17.272727272727273,4.304413187894391,4,198.0,0.30462229005138436,11,450.0,0.0721873590568145,15,648.0
1025.0,14,527.0,14.63888888888889,5.6445138320407136,2,63.0,0.4455964531048098,11,505.0,0.10850781448568295,13,568.0
1030.0,18,602.0,17.705882352941178,4.658348671054545,6,82.0,0.231783588371289,12,561.0,0.11967874254886698,18,643.0
1035.0,18,692.0,21.625,4.582854312712258,6,112.0,0.24112553254241062,12,621.0,0.1670083066192539,18,733.0
1040.0,16,741.0,23.903225806451612,3.8200763840616694,3,100.0,0.43026584331800577,13,683.0,0.004111734810182669,16,783.0
1045.0,17,815.0,26.29032258064516,4.703748942818335,4,115.0,0.16581705714346182,12,747.0,0.13960628893599888,16,862.0
1050.0,16,894.0,27.9375,5.489475832373477,4,134.0,0.19719777087802834,12,804.0,0.22722541379513173,16,938.0
1055.0,17,976.0,30.5,5.344572052373856,5,156.0,0.1561318618532119,12,864.0,0.17493848823037214,17,1020.0
1060.0,12,604.0,20.82758620689655,4.556001174265826,3,111.0,0.2571575848283288,9,692.0,0.14417318254715578,12,803.0
1065.0,9,399.0,14.777777777777779,5.7192950766011155,3,73.0,1.7567490097645216e-05,6,464.0,0.10552793410555875,9,537.0
1070.0,9,436.0,17.44,6.772583142306521,3,88.0,0.23269723963880054,6,486.0,0.11621932250630716,9,574.0
1075.0,11,486.0,27.0,3.108983111601482,3,106.0,0.20768875689654856,8,521.0,0.06400049803508362,11,627.0
1080.0,13,546.0,30.333333333333332,2.332184383215309,3,121.0,0.13316253666962172,9,566.0,0.12776374876333862,12,687.0
1085.0,11,525.0,27.63157894736842,2.159757088047966,2,84.0,9.46803784769098e-05,8,523.0,0.05288752386726501,10,607.0
1090.0,10,543.0,24.681818181818183,4.7674417589140345,2,94.0,0.3130400619661701,7,469.0,0.15407739807546453,9,563.0
1095.0,9,572.0,23.833333333333332,6.053864475689092,1,89.0,0.0,8,500.0,0.1741023145259268,9,589.0
1100.0,11,622.0,28.272727272727273,4.418763538165641,1,97.0,0.41863716231260084,9,542.0,0.07374446893710679,10,639.0
1105.0,11,675.0,28.125,4.58382780708697,2,103.0,0.4435677827388018,9,587.0,0.040111114326144046,11,690.0
1110.0,12,734.0,29.36,4.152445989340158,2,112.0,0.257361252064224,10,638.0,0.15703682260708865,12,750.0
1115.0,15,797.0,26.566666666666666,4.41101466153093,4,131.0,0.18396162834575513,10,682.0,0.2455397181854446,14,813.0
1120.0,15,841.0,24.735294117647058,5.399518296713853,2,126.0,0.6879459898490778,11,732.0,0.09915145430267171,13,858.0
1125.0,12,841.0,24.735294117647058,6.061369716865864,3,137.0,0.2783497290185284,9,742.0,0.1892430245873708,12,879.0
1130.0,12,893.0,27.060606060606062,6.658068825749388,2,143.0,0.3363244789675754,9,753.0,0.2394644125178364,11,896.0
1135.0,14,954.0,30.774193548387096,5.301318455470341,4,158.0,0.04503418339297333,10,799.0,0.06450097302844014,14,957.0
1140.0,15,895.0,31.964285714285715,3.947129841746745,3,40.0,0.2146038470655439,12,858.0,5.369545820746654e-06,15,898.0
1145.0,14,961.0,41.78260869565217,4.181105274701612,3,55.0,0.22567626624235945,11,909.0,0.08250262172746096,14,964.0
1150.0,13,1001.0,38.5,4.296001086537192,1,39.0,0.012766748282459828,12,965.0,0.00027541078234481585,13,1004.0
1155.0,15,1064.0,40.92307692307692,3.9988409753279273,2,48.0,0.20877318446631216,11,1025.0,0.2311795648835976,13,1073.0
1160.0,13,1120.0,38.62068965517241,5.029547234320823,1,55.0,0.6296666894871604,11,1080.0,0.1465470145948718,12,1135.0
1165.0,14,1182.0,39.4,5.388052654096371,1,57.0,0.6505001833845153,12,1134.0,0.27115767673250557,13,1191.0
1170.0,14,1188.0,38.32258064516129,4.626042594094684,2,9.0,0.02394500303348103,12,1186.0,0.1378885557266988,14,1195.0
1175.0,16,1262.0,42.06666666666667,4.836993204880589,3,16.0,0.1599996694248394,13,1249.0,0.024710929290729877,16,1265.0
1180.0,13,1229.0,40.96666666666667,4.983948919467912,2,20.0,0.2007679946409046,11,1258.0,0.07491890761670895,13,1278.0
1185.0,13,1294.0,49.76923076923077,4.8921422169978594,2,25.0,0.2695213591107719,11,1272.0,0.18482877118711893,13,1297.0
1190.0,14,1328.0,53.12,3.4194339799522244,1,5.0,0.07869126200797401,12,1326.0,0.14059937900053238,13,1331.0
1195.0,15,1399.0,58.291666666666664,4.188961273018854,1,8.0,0.5958379637053977,14,1398.0,0.11996064130055341,15,1406.0
1200.0,7,314.0,12.076923076923077,4.936655795556529,1,1.0,0.3920967660706956,6,703.0,0.30068365527480884,7,704.0
1205.0,3,19.0,0.7037037037037037,7.6802022087790185,1,6.0,0.5558469135253458,2,115.0,0.21059096200396682,3,121.0
1210.0,3,10.0,0.35714285714285715,7.742114237932667,0,1.0,0.3491535885677781,3,118.0,0.25167837794893183,3,119.0
1215.0,6,32.0,2.0,6.659414667402345,1,1.0,0.6312504394457396,5,138.0,0.11403782432757656,6,139.0
1220.0,8,52.0,2.888888888888889,5.896789798301622,2,7.0,0.21073436480427965,5,149.0,0.38085989118571884,7,156.0
1225.0,8,90.0,4.7368421052631575,5.071475954994483,3,20.0,5.322867858568678e-05,5,171.0,0.0,8,191.0
1230.0,8,130.0,7.222222222222222,6.694634529109268,3,35.0,0.3401156292957784,5,196.0,0.0,8,231.0
1235.0,4,34.0,2.125,3.6077466656098913,2,34.0,0.26811860159808354,0,47.0,0.30485092375248685,2,81.0
1240.0,3,48.0,2.526315789473684,8.136012864625037,3,48.0,0.0021061595443047465,0,0.0,0.8719658186739148,3,48.0
1245.0,1,5.0,0.2631578947368421,9.505215199927923,1,5.0,0.5809412110713694,0,0.0,0.793161549284408,1,5.0
1250.0,2,12.0,0.8,7.544414202155149,1,10.0,0.05167706957591243,1,5.0,0.43562667431655155,2,15.0
1255.0,5,33.0,2.2,7.123030824184635,2,20.0,8.920113984482115e-06,3,13.0,0.34650310065930323,5,33.0
1260.0,5,56.0,4.0,4.052018038385876,2,30.0,0.030587610013101913,3,26.0,0.08691460614700199,5,56.0
1265.0,8,84.0,5.25,4.94322415691472,3,43.0,8.689451947326325e-05,3,41.0,0.0,6,84.0
1270.0,6,95.0,5.588235294117647,6.558907350357845,3,58.0,0.0,2,37.0,0.5703451608741759,5,95.0
1275.0,3,72.0,4.0,7.302864614601884,1,40.0,0.4830332161550812,2,47.0,0.5289329861081191,3,87.0
1280.0,5,90.0,4.285714285714286,8.392759590272409,1,33.0,0.7985427246393049,4,60.0,0.1818422930334535,5,93.0
1285.0,6,116.0,4.833333333333333,6.5978857816096435,2,36.0,0.5648027298928533,4,80.0,0.2698990658282187,6,116.0
1290.0,7,146.0,5.407407407407407,7.346564187913272,2,46.0,0.31350301660387175,4,100.0,0.19260681331518043,6,146.0
1295.0,6,115.0,4.2592592592592595,7.829943950375447,1,11.0,0.652168743649123,4,104.0,0.08814272921922477,5,115.0
1300.0,8,146.0,5.84,6.726398156279941,3,18.0,0.19556262685158776,5,128.0,0.20554803702963348,8,146.0
1305.0,8,168.0,7.0,5.111449330905846,2,15.0,0.26889760462349394,6,158.0,0.14699635528011526,8,173.0
1310.0,10,213.0,9.681818181818182,5.867130101711936,2,20.0,0.41204010726008444,8,193.0,0.1662337418401335,10,213.0
1315.0,8,233.0,10.590909090909092,6.07320980527785,0,0.0,0.5140756991650339,8,233.0,0.18945629587859264,8,233.0
1320.0,10,246.0,10.25,5.701524629836118,3,9.0,0.3135059867708049,6,240.0,0.31649779474183787,9,249.0
1325.0,9,275.0,11.458333333333334,5.830981889065278,2,8.0,0.41068865828619805,6,270.0,0.23004593636599469,8,278.0
1330.0,12,325.0,14.130434782608695,5.373790499894066,4,22.0,0.24044782596632971,7,301.0,2.9442792657275338e-05,11,323.0
1335.0,10,211.0,11.105263157894736,4.366915310654593,3,35.0,0.12708267392223907,5,248.0,0.13379916783023585,8,283.0
1340.0,7,64.0,3.2,4.376482871766583,4,56.0,0.32955837982442227,1,124.0,0.212723205872895,5,180.0
1345.0,4,44.0,2.2,7.876878986917655,2,46.0,0.48618389386591515,2,67.0,0.38145269215715405,4,113.0
1350.0,4,51.0,2.4285714285714284,7.604475880446529,1,22.0,0.5923350376142927,2,32.0,0.41268460512920946,3,54.0
1355.0,5,42.0,1.68,7.50144873085772,1,3.0,0.5886997172074923,2,42.0,0.28095638914529864,3,45.0
1360.0,6,65.0,3.0952380952380953,7.2502130635382445,2,12.0,0.35283378485825817,3,59.0,0.48447533641833207,5,71.0
1365.0,4,77.0,3.85,7.328842401322693,1,12.0,0.3186970843820533,3,71.0,0.35250345271885253,4,83.0
1370.0,4,20.0,1.0526315789473684,6.698749849530721,2,15.0,0.3052763981549946,1,5.0,0.5885848184958671,3,20.0
1375.0,5,39.0,2.1666666666666665,7.743059349548107,2,28.0,0.5099358304990548,3,14.0,0.0007240248117693478,5,42.0
1380.0,4,54.0,3.176470588235294,6.957273274688688,3,39.0,0.3544883031800412,1,15.0,0.2307285913957699,4,54.0
1385.0,3,22.0,1.375,6.513083890921788,2,11.0,0.035113373054970344,1,20.0,0.49649081898205427,3,31.0
1390.0,2,12.0,0.7058823529411765,8.091624142235233,2,12.0,0.15070374787084465,0,0.0,0.014165431815733516,2,12.0
1395.0,3,16.0,1.0666666666666667,8.630955335412024,1,14.0,0.6634727659847757,1,5.0,0.6604709617017548,2,19.0
1400.0,3,28.0,1.8666666666666667,7.947933799906511,1,19.0,0.3237679018446313,2,12.0,0.3211946964874967,3,31.0
1405.0,5,45.0,3.0,5.07774047299715,2,27.0,0.4519658630986581,2,22.0,0.0,4,49.0
1410.0,4,53.0,3.7857142857142856,7.584209423036634,2,37.0,0.5623927440623138,1,20.0,0.37983135465567575,3,57.0
1415.0,2,26.0,1.7333333333333334,6.5740830142756925,1,16.0,0.1451208939432271,1,25.0,0.46002243630647766,2,41.0
1420.0,3,37.0,2.8461538461538463,7.722783080119182,2,7.0,0.13559002480701596,1,30.0,0.6169615196436902,3,37.0
1425.0,3,45.0,3.2142857142857144,5.287014059407772,1,13.0,0.36757488682150313,1,35.0,0.00855008427227468,2,48.0
1430.0,4,64.0,4.923076923076923,7.625418037052459,1,15.0,0.4869316932758983,3,52.0,0.39630052874584276,4,67.0
1435.0,2,29.0,2.230769230769231,6.427777631160714,1,20.0,0.4226075314409166,1,21.0,0.3462244451873565,2,41.0
1440.0,4,42.0,3.0,6.980674951532509,2,27.0,0.00018918515031158645,2,15.0,0.416821677996872,4,42.0
1445.0,2,25.0,1.4705882352941178,7.563331150107577,0,0.0,0.41539919467580805,2,24.0,0.3030408832997232,2,24.0
1450.0,2,11.0,0.6875,8.491476954258488,0,0.0,0.9643399128837489,1,10.0,0.6231363140395566,1,10.0
1455.0,5,23.0,1.3529411764705883,5.505070390900371,1,1.0,0.17501567479816182,3,21.0,0.20034164264051893,4,22.0
1460.0,4,19.0,1.0555555555555556,5.638143976260134,2,9.0,0.40141825299749817,2,12.0,0.12965657987550247,4,21.0
1465.0,5,33.0,1.65,7.45804671440186,1,14.0,0.6445008780654632,3,22.0,0.4481067911242182,4,36.0
1470.0,4,25.0,1.0869565217391304,7.458028501416746,1,19.0,0.6343597658500445,2,22.0,0.2318351927669795,3,41.0
1475.0,5,43.0,1.9545454545454546,7.904228886756914,1,24.0,0.5582432849648756,3,22.0,0.3071430166316833,4,46.0
1480.0,3,36.0,1.565217391304348,7.05972229821875,2,31.0,0.4174356981696951,1,10.0,0.4851973416431899,3,41.0
1485.0,4,49.0,2.3333333333333335,7.614178038976935,3,39.0,0.4836934924391279,1,15.0,0.436355199353106,4,54.0
1490.0,4,52.0,2.4761904761904763,7.290040932561176,4,55.0,0.1861590348234133,0,6.0,0.6811128622291688,4,61.0
1495.0,5,25.0,1.3888888888888888,7.519603946764203,3,23.0,0.26642666782844987,2,8.0,0.4521945776440226,5,31.0
1500.0,4,38.0,2.533333333333333,7.068345679734976,3,38.0,0.2504860257895089,1,6.0,1.1757639388141077e-05,4,44.0
1505.0,4,35.0,2.5,7.05905483227553,3,40.0,0.03262493772642242,1,11.0,0.0,4,51.0
1510.0,4,42.0,2.625,6.501872951241106,3,45.0,0.23778661165099543,0,0.0,1.0,3,45.0
1515.0,2,33.0,1.8333333333333333,8.06028550732357,1,36.0,0.0,0,0.0,0.8131949331896641,1,36.0
1520.0,2,40.0,2.2222222222222223,9.719944209494594,1,41.0,0.46767750423787335,1,5.0,0.6512856561896804,2,46.0
1525.0,5,55.0,3.0555555555555554,7.959392671955344,1,46.0,0.5503707302329769,4,15.0,0.3662275909628883,5,61.0
1530.0,4,28.0,1.5555555555555556,5.267428157587137,1,2.0,0.4725006776885436,3,26.0,0.1734200703210114,4,28.0
1535.0,7,59.0,3.1052631578947367,6.687426265207891,2,14.0,0.6112089733383629,5,48.0,7.352418292083567e-05,7,62.0
1540.0,7,54.0,2.5714285714285716,6.416373929976518,2,24.0,0.4855268075204858,3,50.0,0.017750646661010526,5,74.0
1545.0,4,46.0,2.1904761904761907,7.441549757003647,3,36.0,0.22619267196566015,1,23.0,0.572211686489704,4,59.0
1550.0,1,18.0,0.8571428571428571,9.096478845725846,0,21.0,0.7173016990494733,1,18.0,0.5600321810113476,1,39.0
1555.0,4,30.0,1.3636363636363635,7.555082596904392,2,9.0,0.4576679309373768,2,27.0,0.3719680076854738,4,36.0
1560.0,6,47.0,1.8076923076923077,6.208054879322244,5,22.0,0.11998941231292985,1,31.0,0.7406962387501356,6,53.0
1565.0,11,91.0,3.5,6.437332028943084,7,58.0,0.20518340698193266,4,41.0,0.1875912960562444,11,99.0
1570.0,8,72.0,2.4827586206896552,6.695997151376862,5,71.0,0.3554432916517992,3,24.0,0.20492181377682828,8,95.0
1575.0,8,90.0,3.2142857142857144,7.8195141909637425,6,71.0,0.2906941490999275,2,19.0,0.380377862454778,8,90.0
1580.0,7,95.0,3.6538461538461537,6.04793126708998,5,77.0,0.2023884677290859,2,18.0,0.24594928244895137,7,95.0
1585.0,12,144.0,5.76,4.549333183768066,7,114.0,0.21247849721667014,3,33.0,0.16869291069180353,10,147.0
1590.0,8,57.0,2.375,5.148203549615553,4,40.0,0.17474172324928078,3,25.0,0.29808338994851175,7,65.0
1595.0,9,97.0,3.5925925925925926,6.81116564182262,5,55.0,0.25512031246285405,4,48.0,0.39705346591197216,9,103.0
1600.0,4,43.0,1.6538461538461537,6.946617970524348,3,23.0,0.2795613518090806,1,23.0,0.5884678432822227,4,46.0
1605.0,6,67.0,2.68,7.40555121719744,4,46.0,0.3917424757760166,2,30.0,0.06489960620608112,6,76.0
1610.0,6,24.0,1.0,6.455087515855898,2,33.0,0.499932589968176,3,23.0,0.027797978940014536,5,56.0
1615.0,4,24.0,1.0909090909090908,6.538734867246182,2,12.0,0.20073284217044948,2,22.0,0.30633445762189176,4,34.0
1620.0,6,23.0,0.92,6.145451180793568,3,19.0,0.1552211801159742,1,17.0,0.6327184510423476,4,36.0
1625.0,7,51.0,2.217391304347826,6.092250702608065,5,36.0,0.2692337586713379,2,25.0,0.23215462686540383,7,61.0
1630.0,7,39.0,1.6956521739130435,5.587905641205573,3,40.0,0.356905756760963,3,13.0,0.25034455309671505,6,53.0
1635.0,5,44.0,1.8333333333333333,7.999093144028236,1,26.0,0.45352443434965095,3,31.0,0.3754055325564859,4,57.0
1640.0,3,18.0,0.8181818181818182,9.168875191360167,1,8.0,0.00429296131731179,2,23.0,0.6139730531660957,3,31.0
1645.0,4,35.0,2.0588235294117645,7.465913685348678,1,13.0,0.15880622070782832,3,32.0,0.3105997836723042,4,45.0
1650.0,3,13.0,0.6190476190476191,6.413203160901599,0,4.0,0.16627046242979346,3,24.0,0.1787244408150128,3,28.0
1655.0,3,21.0,0.9545454545454546,8.4868256973388,0,0.0,0.7714333289835608,2,24.0,0.5212794107361416,2,24.0
1660.0,4,19.0,0.8636363636363636,7.618672752172838,1,2.0,0.4624810441682338,2,20.0,0.5474214479232534,3,22.0
1665.0,7,46.0,2.3,7.33892177272475,2,15.0,0.4821123408342318,5,34.0,0.2754728769363853,7,49.0
1670.0,5,43.0,1.9545454545454546,6.10603610325698,2,14.0,0.6082863516333041,2,38.0,0.21675162414823768,4,52.0
1675.0,6,68.0,2.8333333333333335,6.458751396424467,2,21.0,0.31867816405553234,4,47.0,0.3127298012715454,6,68.0
1680.0,4,47.0,1.8076923076923077,7.781158223135448,1,20.0,0.30309577845537,2,27.0,0.5300704162594161,3,47.0
1685.0,5,64.0,3.0476190476190474,8.028501751832287,1,25.0,0.4515224997404439,3,42.0,0.40996985823940024,4,67.0
1690.0,1,28.0,1.3333333333333333,8.558014950195574,0,0.0,0.632713376115262,1,37.0,0.5655727846983132,1,37.0
1695.0,2,34.0,1.7894736842105263,9.07718114525955,1,4.0,0.5602707948177713,1,33.0,0.5834833694130437,2,37.0
1700.0,2,41.0,2.411764705882353,8.785730000471936,0,0.0,0.8600213777069161,2,41.0,0.3045244011763002,2,41.0
1705.0,0,0.0,0.0,9.617559855914868,0,0.0,0.9345049316360916,0,3.0,0.9342425321709005,0,3.0
1710.0,0,0.0,0.0,12.233577064398174,0,2.0,0.9511679703305482,0,3.0,0.688395130609866,0,5.0
1715.0,0,0.0,0.0,10.17737443097828,0,2.0,0.7065530282683791,0,0.0,0.8159223137696663,0,2.0
1720.0,2,4.0,0.4444444444444444,7.936417586396843,1,4.0,3.228219328894715e-05,0,0.0,0.5266876084585166,1,4.0
1725.0,1,4.0,0.5,6.419994341234261,0,0.0,1.0,1,4.0,7.4545568542101245e-06,1,4.0
1730.0,1,9.0,1.125,10.389725120057893,0,0.0,1.0,1,9.0,0.49039133459214923,1,9.0
1735.0,1,14.0,2.0,7.506254859035489,0,0.0,0.7732570831784126,1,14.0,0.4008186644837299,1,14.0
1740.0,3,25.0,3.125,4.669397313501874,1,3.0,0.4393634646582279,2,22.0,0.26376073734216654,3,25.0
1745.0,6,45.0,3.4615384615384617,4.103980868676136,1,8.0,0.45399096248277926,3,37.0,0.1306235730646907,4,45.0
1750.0,2,26.0,1.8571428571428572,8.630304284655699,1,13.0,0.38036633262271174,1,13.0,0.6976522256142638,2,26.0
1755.0,2,36.0,2.5714285714285716,8.999684920322204,1,18.0,0.5790701899750165,1,18.0,0.36135649971439177,2,36.0
1760.0,3,27.0,2.076923076923077,6.431024929023009,2,24.0,0.31743877243452,1,3.0,0.42224855286640445,3,27.0
1765.0,3,14.0,1.0,7.484188179351925,1,9.0,0.4910341278969005,1,8.0,0.37902994395173345,2,17.0
1770.0,3,18.0,1.2,7.467046180915306,2,17.0,0.5096698964336234,1,4.0,2.792309914011918e-05,3,21.0
1775.0,5,22.0,1.2941176470588236,6.185341998900859,3,16.0,0.19878593064187064,1,9.0,0.6597464736931588,4,25.0
1780.0,4,33.0,1.8333333333333333,6.939879370644774,4,36.0,0.24906168688501026,0,0.0,0.5645174979093536,4,36.0
1785.0,3,17.0,0.85,6.700081771026075,1,27.0,0.4459012703009293,1,4.0,0.6248009028867054,2,31.0
1790.0,3,23.0,1.0,7.331178679641963,3,23.0,0.18464997403184508,0,1.0,0.28500609414551054,3,24.0
1795.0,3,35.0,1.4,7.956572707224076,3,38.0,0.4671707890718449,0,0.0,0.6342262750234788,3,38.0
1800.0,6,55.0,2.391304347826087,7.301686180433872,4,51.0,0.5226930241710567,1,4.0,0.00012268449095851106,5,55.0
1805.0,5,19.0,0.76,6.593199813665161,3,19.0,0.3218224717455097,0,0.0,1.0,3,19.0
1810.0,4,39.0,1.625,8.715596740843912,4,39.0,0.1911113465789889,0,3.0,0.7470189898915046,4,42.0
1815.0,4,41.0,1.7083333333333333,7.890537432205811,3,41.0,0.10320496704330108,0,3.0,0.6773090109320554,3,44.0
1820.0,6,63.0,3.0,7.099366289119078,4,58.0,0.1276789175271624,2,5.0,0.3413390539699621,6,63.0
1825.0,6,35.0,1.8421052631578947,5.8175364641741005,2,42.0,0.39044409594491947,3,19.0,0.028165066310779304,5,61.0
1830.0,3,30.0,1.6666666666666667,8.03392217013402,0,8.0,0.624607525749625,3,33.0,0.2163914044898855,3,41.0
1835.0,1,18.0,0.9473684210526315,8.929827979137519,0,0.0,0.8052767763587387,1,32.0,0.6157033767361566,1,32.0
1840.0,5,28.0,1.3333333333333333,7.275214169785495,1,5.0,0.6411164695016303,2,26.0,0.45837346336679163,3,31.0
1845.0,5,18.0,0.782608695652174,7.942023322603013,1,10.0,0.6589277769178695,2,11.0,0.5033324952118213,3,21.0
1850.0,4,35.0,1.2962962962962963,7.4771172167898134,1,12.0,0.503269597249124,3,23.0,0.24828320988734331,4,35.0
1855.0,4,23.0,0.92,7.852153826441301,1,6.0,0.34107046717555123,3,21.0,0.47386189433908416,4,27.0
1860.0,7,44.0,2.0,7.037557141455377,2,6.0,0.0001999010834269075,5,38.0,0.3556435104849513,7,44.0
1865.0,7,45.0,2.0454545454545454,6.655489601955446,1,9.0,0.49676616967016457,5,46.0,0.14207198641304356,6,55.0
1870.0,5,65.0,3.25,7.374131904006861,1,14.0,0.38788671431595567,4,54.0,0.177855856152322,5,68.0
1875.0,2,43.0,2.388888888888889,8.224189729546246,0,0.0,0.518882247739708,2,46.0,0.4944609540812734,2,46.0
1880.0,4,58.0,3.8666666666666667,8.231334475257748,1,3.0,0.5479559452354194,3,61.0,0.31787785942806185,4,64.0
1885.0,4,78.0,4.588235294117647,7.180872133286953,1,8.0,0.5202106579363432,3,71.0,0.38996803379523637,4,79.0
1890.0,4,88.0,5.176470588235294,7.134615641645379,1,3.0,0.630254193974459,3,83.0,0.15971611659442955,4,86.0
1895.0,3,28.0,1.5555555555555556,7.489392846317205,1,8.0,0.5269625312371419,2,56.0,0.49245888021044437,3,64.0
1900.0,4,48.0,2.6666666666666665,6.494653649342987,2,21.0,0.3097655147275599,2,31.0,0.36658490088363266,4,52.0
1905.0,4,36.0,2.0,7.541578893839946,3,34.0,0.4692452670694622,1,5.0,0.70599391176539,4,39.0
1910.0,6,39.0,2.0526315789473686,6.486805412008955,3,32.0,0.33995276403075486,3,13.0,0.22821815670800674,6,45.0
1915.0,9,73.0,4.055555555555555,6.057960516693015,3,38.0,0.361430872855835,5,32.0,0.0004200900840780048,8,70.0
1920.0,7,95.0,5.0,4.9007952030245505,2,35.0,0.00405347436170078,5,57.0,1.788347858869045e-05,7,92.0
1925.0,7,98.0,6.125,5.742002621024891,4,55.0,0.16930540465884283,3,59.0,0.35333563102507,7,114.0
1930.0,4,89.0,5.5625,6.230720438194576,3,65.0,0.0,1,33.0,0.2462565433409862,4,98.0
1935.0,5,87.0,4.833333333333333,6.658653690911328,3,80.0,0.0,2,20.0,0.1527001214526036,5,100.0
1940.0,7,116.0,8.285714285714286,6.252224360745002,3,98.0,0.3901356560071769,3,30.0,0.0,6,128.0
1945.0,4,71.0,5.071428571428571,6.100104356561389,1,53.0,0.6495307914611818,2,33.0,0.19156750231746947,3,86.0
1950.0,6,89.0,5.5625,7.593618374312486,3,61.0,0.3671792212123829,2,43.0,0.4938761020564638,5,104.0
1955.0,5,54.0,3.0,6.732109209240328,2,16.0,0.35374048159344373,2,53.0,0.27909890655080916,4,69.0
1960.0,2,23.0,1.2777777777777777,8.592865230225847,2,23.0,0.1834310543012093,0,4.0,0.4929996456086786,2,27.0
1965.0,2,33.0,1.736842105263158,8.157302710462606,2,33.0,0.13350987588002852,0,0.0,0.10779378597033773,2,33.0
1970.0,2,43.0,2.8666666666666667,9.365967660531528,2,43.0,0.0,0,0.0,0.9368884784572646,2,43.0
1975.0,1,26.0,1.5294117647058822,8.28239442923172,1,27.0,0.5508768263908108,0,0.0,0.659756143926657,1,27.0
1980.0,2,36.0,1.894736842105263,8.887372926909727,1,32.0,0.6340065893484187,1,8.0,0.577508701465203,2,40.0
1985.0,4,48.0,2.0869565217391304,7.847186021761976,2,39.0,0.03401745394277377,1,13.0,0.7231265975355198,3,52.0
1990.0,6,60.0,3.0,6.669516437092851,4,58.0,0.19436202762537574,2,6.0,0.5418111083837841,6,64.0
1995.0,7,84.0,3.8181818181818183,6.527006479852172,3,68.0,0.2822981567168491,4,20.0,0.4092555832137806,7,88.0
2000.0,5,96.0,4.571428571428571,6.534798096512423,4,86.0,0.012569071756708563,1,17.0,0.4321709183826977,5,103.0
2005.0,7,127.0,5.7727272727272725,6.577145699832699,5,113.0,0.27590557705167973,2,21.0,0.0030193839770004307,7,134.0
2010.0,8,167.0,7.590909090909091,6.348294779529154,5,138.0,0.33559712387325225,3,36.0,0.3131173173506704,8,174.0
2015.0,5,50.0,2.1739130434782608,6.0989065416275015,3,80.0,0.3463285327415249,1,13.0,0.3673111585543069,4,93.0
2020.0,5,40.0,1.6666666666666667,8.062466620387683,4,33.0,0.3313385008596809,1,7.0,0.6430658601624093,5,40.0
2025.0,4,18.0,0.6206896551724138,7.181418764587726,2,24.0,0.22663149730161897,0,0.0,0.43052237888902667,2,24.0
2030.0,4,34.0,1.3076923076923077,8.127436550256382,2,31.0,0.5016384409700915,2,9.0,0.5282069343083734,4,40.0
2035.0,5,43.0,1.6538461538461537,6.9909904233615014,3,44.0,0.4740321515163611,1,5.0,0.66278119882742,4,49.0
2040.0,6,61.0,2.3461538461538463,7.792990878759216,4,56.0,0.3136167609879788,2,8.0,0.40821801535362495,6,64.0
2045.0,9,87.0,3.0,6.461352066709463,4,76.0,0.11806316340240022,3,17.0,0.41477922120830274,7,93.0
2050.0,7,61.0,2.44,6.567615696762094,3,30.0,0.22626249180573335,4,37.0,0.3893244867102426,7,67.0
2055.0,5,59.0,2.36,6.4997703272077345,4,46.0,0.0017010803469079715,1,19.0,0.30093543647445437,5,65.0
2060.0,6,57.0,2.375,7.22901293456177,2,37.0,0.39622446159760133,3,28.0,0.3534028345351084,5,65.0
2065.0,3,65.0,3.25,8.801139350248437,2,47.0,0.4779660519121083,1,29.0,0.5427477748808277,3,76.0
2070.0,4,36.0,1.8,8.43726010747155,2,12.0,0.26796662590146275,1,34.0,0.5722338511385492,3,46.0
2075.0,3,17.0,1.3076923076923077,8.024173988627219,2,18.0,3.897581931669613e-06,1,2.0,0.0007614318843772825,3,20.0
2080.0,2,7.0,0.4666666666666667,8.084932673537843,0,3.0,0.9281153005083382,1,5.0,0.0,1,8.0
2085.0,2,12.0,0.8571428571428571,8.040557269342584,0,0.0,0.9449757088277138,1,13.0,0.49621370685868815,1,13.0
2090.0,1,17.0,1.2142857142857142,9.566533345419,0,0.0,0.5521932491639499,1,18.0,0.7087338384399985,1,18.0
2095.0,5,28.0,1.75,5.184406021727947,3,6.0,0.35105672063193905,1,23.0,0.26233326930009926,4,29.0
2100.0,6,53.0,3.1176470588235294,4.848184883632441,3,16.0,0.00390777577855972,3,38.0,0.2485063950890527,6,54.0
2105.0,5,46.0,2.7058823529411766,6.522425925774911,4,36.0,0.17948343829333785,1,13.0,0.4598772293936855,5,49.0
2110.0,3,33.0,1.8333333333333333,7.873011295746049,2,30.0,0.40599427456122716,1,18.0,0.4109693987685726,3,48.0
2115.0,4,53.0,3.533333333333333,9.807604182760722,2,31.0,0.5891982484933329,2,34.0,0.5767379264659034,4,65.0
2120.0,3,29.0,1.8125,6.24715456122002,1,16.0,0.26219255242942113,2,35.0,0.4983605576688297,3,51.0
2125.0,6,52.0,3.0588235294117645,5.948171948972312,3,17.0,0.0005515087420897572,3,47.0,0.3262214423206459,6,64.0
2130.0,5,63.0,3.3157894736842106,6.362874470390213,1,10.0,0.3192044752875883,3,62.0,0.19988645732372687,4,72.0
2135.0,8,95.0,5.9375,4.785030353983702,2,17.0,0.29183489521624384,6,87.0,0.05942283983177203,8,104.0
2140.0,6,81.0,4.2631578947368425,3.347331533484426,1,21.0,0.11531161688968895,3,75.0,0.11964768493840391,4,96.0
2145.0,5,105.0,5.25,8.043811304779357,1,29.0,0.5940150096377043,4,89.0,0.3065940288206344,5,118.0
2150.0,4,56.0,2.5454545454545454,7.250133935726354,1,34.0,0.6422187637008026,2,50.0,0.5246185740267326,3,84.0
2155.0,3,20.0,0.8695652173913043,6.857572868126424,0,4.0,0.3160995039251533,3,20.0,0.43551605170513374,3,24.0
2160.0,5,38.0,1.3571428571428572,7.346358392809935,0,0.0,0.6475301006850968,4,38.0,0.20756628739590763,4,38.0
2165.0,2,35.0,1.4,9.26931750388205,0,0.0,0.9033847816936712,2,35.0,0.41647875234312204,2,35.0
2170.0,4,46.0,2.3,7.706383315293553,0,0.0,0.39024557622524264,3,46.0,0.33766768936317837,3,46.0
2175.0,2,23.0,1.15,8.569805754019516,1,2.0,0.5493839294851202,1,26.0,0.5345271360625905,2,28.0
2180.0,3,36.0,2.25,7.388400065498856,2,13.0,0.404871067233379,1,26.0,0.49127767563728497,3,39.0
2185.0,5,50.0,2.7777777777777777,6.3257470642985805,2,17.0,0.4226033121811394,3,36.0,0.26621863258914547,5,53.0
2190.0,7,80.0,4.705882352941177,5.967309199286256,3,29.0,0.1891119638781021,4,57.0,0.16292490668946072,7,86.0
2195.0,4,50.0,2.9411764705882355,4.837976714428569,2,32.0,0.32530229050386034,2,24.0,0.2826016461634174,4,56.0
2200.0,6,72.0,4.235294117647059,7.822145627791539,2,45.0,0.303923101402595,3,33.0,0.3074610765431528,5,78.0
2205.0,0,0.0,0.0,8.976434451576099,0,22.0,0.7178705494934514,0,6.0,0.4627612640468087,0,28.0
2210.0,3,8.0,0.47058823529411764,7.410009745519673,1,5.0,0.00020325439942503988,2,6.0,0.10705688070208333,3,11.0
2215.0,3,9.0,0.6428571428571429,8.339518541763582,1,10.0,0.0,1,2.0,0.001034525190587424,2,12.0
2220.0,2,19.0,2.375,7.926385069256462,1,18.0,0.6415565955018834,1,7.0,0.0,2,25.0
2225.0,0,0.0,0.0,8.053126281361825,0,3.0,0.6597565561893638,0,0.0,0.8790008875260407,0,3.0
2230.0,2,3.0,0.23076923076923078,8.786535749992424,1,6.0,0.1955768166647922,0,0.0,0.8737666855858268,1,6.0
2235.0,0,0.0,0.0,8.86989326088521,0,0.0,0.8085922485032926,0,0.0,0.6025281116128179,0,0.0
2240.0,2,7.0,0.4666666666666667,9.1307935403216,0,0.0,0.7732561530837165,2,7.0,0.4197907619828764,2,7.0
2245.0,1,8.0,0.6153846153846154,8.776716971101207,0,0.0,0.7534657139504359,1,8.0,0.3274612140455764,1,8.0
2250.0,1,13.0,1.0,9.754020423139655,0,0.0,0.6091029358368175,1,13.0,0.5944213546250722,1,13.0
2255.0,1,5.0,0.5,9.530625247697483,1,5.0,0.47359851918622936,0,0.0,0.9730523738096659,1,5.0
2260.0,1,0.0,0.0,9.302795987434992,0,0.0,0.9103977996771867,0,0.0,0.7699528440849852,0,0.0
2265.0,0,0.0,0.0,8.544413290053507,0,0.0,0.09921193928896595,0,0.0,0.9094968334306653,0,0.0
2270.0,1,4.0,0.2857142857142857,9.032011990705264,1,4.0,0.47465456890771185,0,0.0,0.7630403237778953,1,4.0
2275.0,2,9.0,0.6428571428571429,9.201120947235742,1,9.0,0.42987759144801074,0,0.0,0.9262848047635718,1,9.0
2280.0,0,0.0,0.0,9.034936249232704,0,0.0,0.7940160857251564,0,0.0,0.013304529539919268,0,0.0
2285.0,1,5.0,0.4166666666666667,10.444076821305249,0,0.0,0.9419250511771317,1,8.0,0.6429531372633454,1,8.0
2290.0,2,10.0,0.6666666666666666,8.481101644268461,0,0.0,0.28776304017761156,1,13.0,0.6620040404369631,1,13.0
2295.0,4,6.0,0.3157894736842105,7.262930099177302,1,3.0,0.34928342522826517,1,3.0,0.3730236014987416,2,6.0
2300.0,3,8.0,0.36363636363636365,8.752069241657425,0,0.0,0.6619258703153073,1,5.0,0.6101999520517376,1,5.0
2305.0,3,18.0,0.9,8.082596554013922,1,3.0,0.47072106089118915,2,15.0,0.5289772631751769,3,18.0
2310.0,7,37.0,1.6818181818181819,5.116696692744077,1,7.0,0.457370898256203,5,32.0,0.15996584694436766,6,39.0
2315.0,5,37.0,1.5416666666666667,6.504664164230703,2,11.0,0.25232851524230326,3,31.0,0.16449372722296757,5,42.0
2320.0,4,56.0,2.4347826086956523,8.342602606283538,1,19.0,0.7249645456899116,3,41.0,0.2552843266319,4,60.0
2325.0,2,39.0,1.8571428571428572,9.089544000633097,1,24.0,0.7424707911361177,1,35.0,0.5604957873163375,2,59.0
2330.0,5,52.0,2.4761904761904763,7.616071991292277,2,32.0,0.3669128832828429,2,28.0,0.44783849761736516,4,60.0
2335.0,7,49.0,2.45,5.3665952343600205,3,44.0,0.3900246248773054,3,10.0,0.040503946700102454,6,54.0
2340.0,7,72.0,3.4285714285714284,5.661853236377335,2,45.0,0.4769896594671501,4,29.0,0.24480737558323992,6,74.0
2345.0,4,76.0,3.3043478260869565,7.696635043331517,2,55.0,0.3157096363135604,2,37.0,0.43683130063213643,4,92.0
2350.0,4,37.0,1.85,7.6774401964553745,1,24.0,0.4844093614061397,3,37.0,0.4581033794927379,4,61.0
2355.0,4,17.0,0.8095238095238095,7.337671311339945,2,14.0,0.1845498487060949,2,14.0,0.5090807643656884,4,28.0
2360.0,4,23.0,1.0,8.072079678047757,1,9.0,0.4704711755917279,3,20.0,0.5382850269614183,4,29.0
2365.0,4,29.0,1.380952380952381,8.890533613720478,1,14.0,0.6158676954339416,3,20.0,0.029793191560654485,4,34.0
2370.0,5,47.0,2.35,7.5238917710528455,3,23.0,0.23953625714658788,2,24.0,0.3751779052774221,5,47.0
2375.0,5,42.0,2.1,6.306200333468344,1,24.0,0.4952924208903986,3,18.0,0.2481482145762477,4,42.0
2380.0,7,64.0,3.5555555555555554,7.288871702536001,2,33.0,0.32283752758823503,4,37.0,0.4666071790529783,6,70.0
2385.0,2,14.0,0.8235294117647058,6.499853953671947,0,3.0,0.8245444573240538,2,17.0,0.4226985407445863,2,20.0
2390.0,6,34.0,1.8888888888888888,6.121770185605354,1,4.0,0.5038663771427238,5,36.0,0.02222986889074382,6,40.0
2395.0,7,41.0,2.05,6.160992182655316,1,9.0,0.5541191075530584,5,35.0,0.00010861222034886315,6,44.0
2400.0,7,71.0,4.176470588235294,6.184443382997456,1,17.0,0.4595787799083202,5,60.0,0.24239159151028966,6,77.0
2405.0,3,45.0,2.6470588235294117,7.321222302164351,0,3.0,0.6867773179417398,3,45.0,0.5232090062819579,3,48.0
2410.0,4,60.0,2.857142857142857,7.356815567447667,0,0.0,1.0,3,60.0,0.2661582995517308,3,60.0
2415.0,2,28.0,1.4,8.211989129457622,0,0.0,1.0,2,51.0,0.3561676654277046,2,51.0
2420.0,2,15.0,0.8823529411764706,7.6076483262064,0,3.0,0.6843766151483159,2,15.0,0.007943680505130118,2,18.0
2425.0,1,5.0,0.35714285714285715,7.808240589431567,0,3.0,0.7139287091534515,1,5.0,0.3527435692891338,1,8.0
2430.0,5,18.0,1.3846153846153846,5.7077119824579885,2,9.0,0.29422905480654804,3,17.0,0.24851936944084768,5,26.0
2435.0,1,15.0,1.0,8.233216918295804,0,8.0,0.49333633545101235,1,23.0,0.5266379315514029,1,31.0
2440.0,3,22.0,1.375,7.47751757979093,1,8.0,0.48366386020890095,1,20.0,0.5325589244013336,2,28.0
2445.0,2,9.0,0.5625,8.337771765668757,2,15.0,0.5716105193536719,0,0.0,0.6409143832481882,2,15.0
2450.0,5,21.0,1.1666666666666667,5.9720382688080385,3,26.0,0.4261799581127562,1,1.0,0.47761835928392216,4,27.0
2455.0,4,23.0,1.2105263157894737,5.40925860176212,4,26.0,0.10599542665094434,0,0.0,0.25948309505031303,4,26.0
2460.0,8,54.0,2.7,5.751618967721077,7,54.0,0.1173985699749815,1,3.0,0.48876363802503003,8,57.0
2465.0,6,54.0,2.347826086956522,6.758953770876443,6,70.0,0.02022734384182479,0,0.0,0.9228300161727447,6,70.0
2470.0,2,38.0,1.6521739130434783,9.40480876000473,2,68.0,0.3871724455034239,0,3.0,0.8329433502222401,2,71.0
2475.0,2,2.0,0.09523809523809523,7.381657898167416,1,50.0,0.39792672652385275,0,3.0,0.7689160691778932,1,53.0
2480.0,10,33.0,1.375,4.465689355174501,6,47.0,0.16331808307951834,4,10.0,0.06765066870503049,10,57.0
2485.0,6,34.0,1.5454545454545454,5.646019037193768,5,50.0,0.23400033063963296,1,9.0,0.03775738456013508,6,59.0
2490.0,5,39.0,1.8571428571428572,7.579145218112379,3,40.0,0.35645348463329735,1,16.0,0.5749989642197674,4,56.0
2495.0,2,1.0,0.047619047619047616,9.077001118700124,1,15.0,0.5178978733488905,0,0.0,0.9195331549814003,1,15.0
2500.0,1,6.0,0.25,9.26166215965518,1,17.0,0.5642953380453345,0,4.0,0.5736326679156639,1,21.0
2505.0,3,8.0,0.4,9.560164370278754,0,3.0,0.8147980749679786,2,12.0,0.5277958127458311,2,15.0
2510.0,4,22.0,1.2941176470588236,7.355486589868852,1,5.0,0.30487088772978566,3,24.0,0.47312757428003555,4,29.0
2515.0,2,18.0,1.2857142857142858,6.051227522627121,1,3.0,0.003748799069013721,1,16.0,0.503999026122504,2,19.0
2520.0,3,33.0,2.0625,7.082527933951382,2,13.0,0.29930805384735687,1,20.0,0.18866254083995115,3,33.0
2525.0,2,30.0,1.875,8.619582168310613,0,0.0,0.7791065973275684,2,30.0,0.32638758400419554,2,30.0
2530.0,2,32.0,2.2857142857142856,8.575518720957092,1,2.0,0.6240804777598566,1,30.0,0.4378058290370515,2,32.0
2535.0,2,37.0,2.3125,8.222701085367511,0,0.0,0.8230466996457027,2,37.0,0.2680710631604645,2,37.0
2540.0,4,42.0,2.4705882352941178,7.990601966245208,1,1.0,0.004888503077632316,2,41.0,0.4614514542293845,3,42.0
2545.0,5,58.0,3.2222222222222223,6.765475558366211,1,5.0,0.41980531502520907,3,53.0,0.1809999856312159,4,58.0
2550.0,5,73.0,3.4761904761904763,7.267851598103853,3,16.0,0.21608390928771715,2,60.0,0.45224757648570846,5,76.0
2555.0,6,95.0,5.277777777777778,6.885199446185431,3,25.0,0.2479334285424276,3,73.0,0.4647314571304571,6,98.0
2560.0,4,42.0,2.1,6.173168016967754,3,40.0,0.15458891930722024,1,5.0,0.3272727892528267,4,45.0
2565.0,3,36.0,2.0,8.18619629087572,1,31.0,0.6506123755793148,2,14.0,0.2587791375699193,3,45.0
2570.0,3,43.0,2.5294117647058822,8.242432383648932,1,33.0,0.7175029069476708,2,20.0,0.4136883665481728,3,53.0
2575.0,6,28.0,1.4736842105263157,6.781685588365364,2,5.0,0.3210860710666932,3,33.0,0.3115866730245869,5,38.0
2580.0,6,47.0,2.473684210526316,6.717644143161994,2,15.0,0.2447595964954421,3,39.0,0.00015229756737472118,5,54.0
2585.0,5,55.0,3.4375,6.218171026747246,1,8.0,0.32221301995746066,3,54.0,0.2984215550390063,4,62.0
2590.0,5,80.0,5.0,6.604535831795087,2,18.0,0.5342948343591999,3,72.0,0.2149570696075315,5,90.0
2595.0,3,80.0,4.705882352941177,6.385544987622077,0,12.0,0.5410096925132031,3,87.0,0.3124570167761269,3,99.0
2600.0,5,102.0,6.0,6.935800982171216,1,8.0,0.0037164256106842165,4,107.0,0.39745027468113364,5,115.0
2605.0,4,115.0,6.388888888888889,7.068133700743325,1,5.0,0.1284048625982058,3,114.0,0.48095355616161345,4,119.0
2610.0,5,138.0,8.117647058823529,7.356965783219937,2,13.0,0.4718426311408296,3,129.0,0.0022432791460780086,5,142.0
2615.0,5,65.0,3.823529411764706,6.762017191699946,2,23.0,0.5566532349989656,2,88.0,0.02965276389272418,4,111.0
2620.0,2,20.0,1.1111111111111112,7.200153954441589,1,20.0,0.0,0,6.0,0.6749088701696269,1,26.0
2625.0,1,25.0,1.25,10.063388282771523,1,25.0,0.0,0,3.0,0.9447151437456343,1,28.0
2630.0,2,0.0,0.0,9.12463338365727,0,0.0,1.0,0,3.0,0.6481986405152383,0,3.0
2635.0,4,7.0,0.3888888888888889,7.433159686340121,0,0.0,0.5190022797447424,3,7.0,0.041750614363225975,3,7.0
2640.0,6,17.0,1.0,4.892436112290851,2,4.0,0.2913917826229452,2,13.0,0.3152532273647833,4,17.0
2645.0,6,43.0,2.5294117647058822,6.409080710910393,3,18.0,2.802207320838929e-05,3,25.0,0.28751220901447944,6,43.0
2650.0,3,28.0,1.75,6.5237355739273974,2,24.0,0.43884768035949195,1,4.0,0.62147222810118,3,28.0
2655.0,5,48.0,2.823529411764706,7.768555737270973,2,40.0,0.5625738677522979,3,17.0,0.2134719804882266,5,57.0
2660.0,2,14.0,0.7,8.159890695318827,0,26.0,0.7686569435705125,1,17.0,0.4591853348305362,1,43.0
2665.0,4,22.0,1.1,7.6982806830870185,1,5.0,0.3713599523850609,2,26.0,0.4596432646416336,3,31.0
2670.0,3,13.0,0.7222222222222222,7.729297739903719,1,9.0,0.03216128992339535,1,5.0,0.7978853938262973,2,14.0
2675.0,4,28.0,1.4736842105263157,6.927059780427809,2,20.0,0.5043365730581147,1,10.0,0.3529539349482977,3,30.0
2680.0,4,24.0,1.263157894736842,6.230320090054104,2,3.0,0.46964901261130765,2,20.0,0.2783439847317636,4,23.0
2685.0,4,44.0,2.75,7.880687678213445,2,13.0,0.4113186887643286,2,30.0,0.0,4,43.0
2690.0,4,55.0,3.235294117647059,6.25068086617645,2,14.0,0.3125532952339002,2,40.0,0.0,4,54.0
2695.0,2,24.0,1.6,8.036647819408545,2,24.0,0.31808388952178956,0,0.0,0.848762621998427,2,24.0
2700.0,1,13.0,0.8125,9.314388443242839,1,13.0,0.7609239802341436,0,0.0,0.7506914943983757,1,13.0
2705.0,1,18.0,1.2,10.16907613540309,1,18.0,0.26737869262849207,0,3.0,0.8114978015605377,1,21.0
2710.0,1,2.0,0.14285714285714285,9.801791069427557,1,2.0,0.03131771968701144,0,3.0,0.9535004264131808,1,5.0
2715.0,3,12.0,0.9230769230769231,8.53930719194787,2,11.0,0.0,1,4.0,0.0021494148676274943,3,15.0
2720.0,1,6.0,0.5454545454545454,8.710128196007107,0,8.0,0.26674027810707973,1,9.0,0.0,1,17.0
2725.0,1,11.0,1.2222222222222223,6.226400270198078,0,0.0,1.0,1,17.0,0.5922326095416244,1,17.0
2730.0,2,17.0,1.4166666666666667,7.121055157374292,0,0.0,1.0,2,23.0,0.4803066861459712,2,23.0
2735.0,3,24.0,1.7142857142857142,6.554228830451935,0,0.0,1.0,2,30.0,0.42191261150560844,2,30.0
2740.0,4,39.0,2.2941176470588234,6.584256896391813,0,0.0,0.15615626400305357,4,45.0,0.3128784391468784,4,45.0
2745.0,5,22.0,1.2222222222222223,6.5241815758441835,1,3.0,0.0008295536763856983,3,19.0,0.33032547667662426,4,22.0
2750.0,6,44.0,2.4444444444444446,6.600047483840177,1,8.0,0.28049022904316906,4,36.0,0.20070424886039948,5,44.0
2755.0,3,20.0,0.9523809523809523,8.278146038282184,1,13.0,0.6769030017088781,1,22.0,0.5075926868740469,2,35.0
2760.0,2,30.0,1.5,7.725271545246281,1,18.0,0.36353537422920484,1,12.0,0.421890202564237,2,30.0
2765.0,3,40.0,2.0,7.130267439413368,1,23.0,0.6245105888478135,1,17.0,0.11399040894599495,2,40.0
2770.0,2,50.0,2.7777777777777777,8.86233736695519,1,29.0,0.6479818279096032,1,23.0,0.47291524747810415,2,52.0
2775.0,1,33.0,1.9411764705882353,8.65946138799518,1,34.0,0.5502828540939185,0,1.0,0.8205809269075788,1,35.0
2780.0,6,54.0,2.8421052631578947,5.765974021577147,5,50.0,0.1347510467009904,1,4.0,0.1434681004818522,6,54.0
2785.0,5,62.0,3.263157894736842,6.876685500529185,3,65.0,0.33078083094378913,1,3.0,0.643398723130268,4,68.0
2790.0,4,82.0,3.9047619047619047,5.419061795599082,3,77.0,0.22877009248170713,1,11.0,0.4552896415653504,4,88.0
2795.0,3,89.0,4.045454545454546,8.386938820659445,3,92.0,0.36894079900744575,0,6.0,0.7499273567544894,3,98.0
2800.0,4,107.0,4.458333333333333,6.976222452278209,4,107.0,0.3179684364347811,0,3.0,0.5042010574776119,4,110.0
2805.0,7,84.0,3.230769230769231,6.53677479184034,4,105.0,0.3336773882144827,1,8.0,0.0,5,113.0
2810.0,5,90.0,4.285714285714286,7.151090907996062,4,86.0,0.1316864139306953,1,16.0,0.5715782579667552,5,102.0
2815.0,4,31.0,1.55,6.651804936822238,3,22.0,0.3393230309498181,1,18.0,0.7273818100997171,4,40.0
2820.0,7,59.0,2.6818181818181817,6.822126229746977,5,44.0,0.4215164392614832,2,24.0,0.2955549523815463,7,68.0
2825.0,8,69.0,3.0,5.156419440582461,4,46.0,0.16877756744589703,3,35.0,0.23057858357609134,7,81.0
2830.0,5,57.0,2.85,6.954240299280393,5,57.0,0.15059702821369061,0,8.0,0.6427958577029065,5,65.0
2835.0,4,37.0,1.608695652173913,7.447832227680459,2,44.0,0.31900801334380297,0,3.0,0.8307150152089103,2,47.0
2840.0,5,49.0,1.8148148148148149,8.070343155818907,3,48.0,0.3507632752341957,1,1.0,0.46426111707594087,4,49.0
2845.0,1,2.0,0.07407407407407407,8.364574450709924,1,2.0,0.6050376129763538,0,3.0,0.5930621391067201,1,5.0
2850.0,2,7.0,0.2692307692307692,9.19799850790565,1,7.0,0.44768173198469163,0,6.0,0.9362030761616374,1,13.0
2855.0,2,5.0,0.21739130434782608,8.849438847261968,2,5.0,0.16030358715319748,0,6.0,0.7587158371512953,2,11.0
2860.0,3,18.0,1.0,7.776752422534724,3,18.0,0.24523952952476186,0,0.0,0.5765528965898381,3,18.0
2865.0,4,31.0,2.066666666666667,7.42669473147822,2,25.0,0.4390560162686949,2,6.0,0.0004528011564159522,4,31.0
2870.0,4,49.0,3.2666666666666666,7.242618831294169,3,40.0,0.39965930196964505,1,12.0,0.4858381677468868,4,52.0
2875.0,4,42.0,2.210526315789474,6.722243605832005,3,31.0,0.22769433093825495,1,17.0,0.6605946354270612,4,48.0
2880.0,4,43.0,2.6875,7.649498073926671,3,45.0,0.3448988385193747,0,6.0,0.6481755031022337,3,51.0
2885.0,2,47.0,2.764705882352941,6.851090442742744,2,47.0,0.2730360538376817,0,0.0,0.7341366584937924,2,47.0
2890.0,4,64.0,3.5555555555555554,7.278424396080599,3,59.0,0.01673561104863536,1,5.0,0.3994342667260586,4,64.0
2895.0,6,68.0,4.0,6.911086297817533,3,54.0,0.3881827606058784,2,14.0,1.4317031643669219e-05,5,68.0
2900.0,6,87.0,4.833333333333333,5.281825075257915,5,72.0,0.059515724498557306,1,15.0,0.48531735256833053,6,87.0
2905.0,7,54.0,2.8421052631578947,6.373753382464668,3,45.0,0.20001836533605175,3,24.0,0.3718029838062743,6,69.0
2910.0,3,59.0,3.1052631578947367,6.166587589168067,2,34.0,0.39936689036202583,1,25.0,0.3279421141023044,3,59.0
2915.0,3,35.0,1.4,7.73113133143046,0,22.0,0.5746111546733511,2,35.0,0.43695317807479506,2,57.0
2920.0,4,44.0,2.0952380952380953,7.931221832798299,2,14.0,0.4359114812106604,2,39.0,0.5762008307194906,4,53.0
2925.0,6,52.0,2.260869565217391,5.499027997569032,1,11.0,0.5061878019160891,4,48.0,0.36950915806499535,5,59.0
2930.0,2,15.0,0.625,8.035700264417313,1,9.0,0.6557807410732639,1,9.0,0.3848312755909762,2,18.0
2935.0,3,20.0,0.8,8.709315929849286,0,1.0,0.38900727460937257,3,23.0,0.33098618109425115,3,24.0
2940.0,5,16.0,0.6153846153846154,8.005878650425034,1,3.0,0.016681702458323983,2,13.0,0.41378997062484235,3,16.0
2945.0,3,24.0,1.263157894736842,8.368212635357718,0,6.0,0.9535702481239539,3,24.0,0.0001604862169396021,3,30.0
2950.0,3,39.0,2.4375,8.618562024204024,0,6.0,0.836704722058502,3,41.0,0.22443020483068865,3,47.0
2955.0,5,58.0,3.625,7.150245266524617,2,7.0,0.23853836667185607,3,56.0,0.37384380322284877,5,63.0
2960.0,5,79.0,4.9375,4.040411913884397,2,17.0,0.13300789594692522,3,69.0,0.08826015619147567,5,86.0
2965.0,8,105.0,6.5625,5.293998198249859,2,19.0,0.2974416021626261,5,94.0,0.1548828319407928,7,113.0
2970.0,4,33.0,2.0625,5.545971739002811,1,19.0,0.28439003812735514,2,50.0,0.48789756720571614,3,69.0
2975.0,2,35.0,1.8421052631578947,7.449330251848193,1,24.0,0.4246274036826009,1,14.0,0.38501782398275997,2,38.0
2980.0,5,38.0,1.8095238095238095,7.980252653352735,3,36.0,0.12041294799212776,1,5.0,0.3926488344220037,4,41.0
2985.0,7,61.0,3.8125,5.288504492956187,4,57.0,0.3121656136926895,1,10.0,0.6096171477431004,5,67.0
2990.0,6,83.0,5.533333333333333,4.268133621383606,4,73.0,0.2228644704333383,2,16.0,0.21074404356423723,6,89.0
2995.0,9,124.0,6.888888888888889,4.524682163276638,6,101.0,0.008018223735987207,3,30.0,0.2450999751020341,9,131.0
3000.0,6,81.0,3.6818181818181817,5.7215473728701065,5,85.0,0.16229228709646354,1,9.0,0.5745431076548126,6,94.0
3005.0,7,101.0,4.04,7.093102998090594,4,88.0,0.29368301831302,2,16.0,0.32187782210551596,6,104.0
3010.0,3,34.0,1.4782608695652173,7.675142513421405,2,42.0,0.3782490102378116,1,18.0,0.464358925850637,3,60.0
3015.0,3,30.0,1.5789473684210527,7.008284067452732,1,8.0,0.24497452331928862,2,31.0,0.4637202979835813,3,39.0
3020.0,5,7.0,0.35,6.720613318556137,1,4.0,0.4561842431875603,2,15.0,0.5139395438892377,3,19.0
3025.0,4,15.0,0.7894736842105263,5.567438648531163,1,12.0,0.4256744621977948,2,12.0,0.26045659172053454,3,24.0
3030.0,2,8.0,0.36363636363636365,8.34233478321513,0,0.0,0.9469954377830554,1,11.0,0.5580810626268008,1,11.0
3035.0,2,16.0,0.7272727272727273,8.135510182472778,0,0.0,0.5978023633312353,2,22.0,0.5703075988712999,2,22.0
3040.0,0,0.0,0.0,8.634824552704485,0,0.0,0.3966849927204167,0,13.0,0.3807873968475405,0,13.0
3045.0,2,6.0,0.375,9.896889897560435,1,5.0,0.5979550261691085,1,1.0,0.5293567285109225,2,6.0
3050.0,1,2.0,0.14285714285714285,8.605138950380043,1,2.0,0.28007304139992467,0,0.0,0.599799220420226,1,2.0
3055.0,4,15.0,1.25,6.134762158020752,2,10.0,0.32274236797816086,2,8.0,0.21673194656325584,4,18.0
3060.0,2,9.0,0.75,7.537847210989526,0,0.0,0.959353199246948,1,16.0,0.5736099135590262,1,16.0
3065.0,1,14.0,1.4,8.061503671334453,0,0.0,0.5551325136060486,1,14.0,0.0,1,14.0
3070.0,0,0.0,0.0,9.7005111617442,0,0.0,0.9337206533222321,0,0.0,1.0,0,0.0
3075.0,2,1.0,0.08333333333333333,7.603875009577536,1,4.0,0.40573159281525684,0,0.0,0.9905633413523892,1,4.0
3080.0,0,0.0,0.0,8.553860117229894,0,0.0,0.7523777234952471,0,0.0,0.7053577913557261,0,0.0
3085.0,2,4.0,0.25,7.9840546049538155,0,0.0,0.76337360374342,2,4.0,0.47735683857252675,2,4.0
3090.0,2,9.0,0.5294117647058824,8.181877530378102,1,2.0,0.6357532756636562,1,7.0,0.5047754690781733,2,9.0
3095.0,7,31.0,1.631578947368421,4.307467979843217,1,10.0,0.30422472971057574,5,24.0,0.005047610163275217,6,34.0
3100.0,5,41.0,2.2777777777777777,6.8743192202990775,1,7.0,0.6402590310252023,4,43.0,0.17829572757431977,5,50.0
3105.0,6,68.0,3.5789473684210527,5.078577265592658,2,17.0,0.4774365202658191,4,57.0,0.16703192194186714,6,74.0
3110.0,5,44.0,1.8333333333333333,7.318898557529592,0,3.0,0.8758143055139829,2,44.0,0.5569718397077403,2,47.0
3115.0,3,55.0,2.2,8.242892857203849,1,1.0,0.4332048980095887,2,57.0,0.5553747778093453,3,58.0
3120.0,2,64.0,2.56,9.312889204274933,0,0.0,0.7544394562593905,2,67.0,0.5067621538133388,2,67.0
3125.0,7,79.0,3.4347826086956523,7.254710739752096,1,1.0,0.665086299047472,4,81.0,0.3722674204777184,5,82.0
3130.0,2,8.0,0.38095238095238093,7.963861269323243,0,0.0,0.8619992385346771,2,47.0,0.41556710127764696,2,47.0
3135.0,4,23.0,1.0,7.944481008680657,0,0.0,1.0,4,26.0,0.27229066057621953,4,26.0
3140.0,3,26.0,1.1304347826086956,8.337837854073214,0,0.0,0.6513465345018143,3,29.0,0.3248878194926745,3,29.0
3145.0,5,45.0,2.142857142857143,6.804905621566088,2,7.0,0.5282531806095028,3,44.0,0.050201533939421915,5,51.0
3150.0,3,41.0,2.1578947368421053,7.319278275846165,0,5.0,0.6994771749092106,3,44.0,0.48161726876674543,3,49.0
3155.0,4,58.0,3.0526315789473686,6.182227897706494,1,2.0,0.27579663591822917,3,62.0,0.3669527724428809,4,64.0
3160.0,3,11.0,0.6111111111111112,6.22256673489854,2,8.0,0.4552442067638684,1,15.0,0.4312286072101595,3,23.0
3165.0,3,26.0,1.4444444444444444,8.54383625478954,2,21.0,0.4992670482882476,1,8.0,0.4596281308138557,3,29.0
3170.0,1,14.0,0.6666666666666666,8.713538544691446,1,17.0,0.30690529886483475,0,0.0,0.671468227405006,1,17.0
3175.0,4,28.0,1.4,8.57933476294004,2,24.0,0.4676405395848499,2,4.0,0.00023413318751173962,4,28.0
3180.0,2,18.0,1.0588235294117647,7.789095578727841,1,10.0,0.4522252312106954,1,8.0,0.0,2,18.0
3185.0,6,35.0,2.3333333333333335,5.600187393629617,3,25.0,0.3806862223774529,1,13.0,0.5742434558166455,4,38.0
3190.0,3,23.0,1.3529411764705883,6.851674630776802,2,30.0,0.3344239337531304,1,2.0,0.6898947433488432,3,32.0
3195.0,5,40.0,2.5,5.042894128520248,3,35.0,0.10861490116942396,2,8.0,0.4048390267417097,5,43.0
3200.0,5,25.0,1.25,5.14281838774621,3,19.0,0.2518106508814616,1,6.0,0.031843314622032735,4,25.0
3205.0,6,54.0,2.8421052631578947,7.267555373061677,4,41.0,0.43656278246984,2,18.0,0.3066872166910237,6,59.0
3210.0,3,20.0,1.0526315789473684,6.629849318571186,2,27.0,0.45491535022831636,1,12.0,0.44917140249276005,3,39.0
3215.0,5,25.0,1.1904761904761905,7.875584504380866,3,8.0,0.0008798035137677759,2,22.0,0.48488956896991836,5,30.0
3220.0,3,13.0,0.6190476190476191,8.313201181073117,1,6.0,0.46360470029439294,1,12.0,0.7530692783994241,2,18.0
3225.0,6,27.0,1.2857142857142858,7.254251824766294,1,11.0,0.5721687614850128,4,21.0,0.31728276239824454,5,32.0
3230.0,2,7.0,0.3684210526315789,5.498260962619614,1,2.0,0.07698199129961547,1,15.0,0.34423190443136664,2,17.0
3235.0,5,20.0,1.0,7.942980427017291,1,9.0,0.44433056460891035,2,20.0,0.46670898274675865,3,29.0
3240.0,3,24.0,1.0909090909090908,9.615423247103942,0,3.0,0.9838113711686449,2,30.0,0.5578101174940383,2,33.0
3245.0,4,23.0,1.0,8.320158863050318,1,4.0,0.6327361545188847,2,28.0,0.43388087522667684,3,32.0
3250.0,4,40.0,1.8181818181818181,6.634443085843547,1,5.0,0.20280206771984868,3,38.0,0.40858339671466215,4,43.0
3255.0,5,33.0,1.736842105263158,8.506073150696176,2,14.0,0.24985475917364483,2,19.0,0.6129874891569287,4,33.0
3260.0,3,30.0,1.7647058823529411,7.605026832987367,0,0.0,0.6077647547598976,3,30.0,0.3580332318234152,3,30.0
3265.0,1,18.0,1.0,9.0941684964112,0,0.0,0.920212864345957,1,18.0,0.4343550420213506,1,18.0
3270.0,3,31.0,2.2142857142857144,9.227481913701329,0,3.0,0.722373800766125,3,31.0,0.3079049026311741,3,34.0
3275.0,3,15.0,1.1538461538461537,6.550991572934383,1,4.0,0.5225341326104987,2,18.0,0.05774024378966134,3,22.0
3280.0,4,31.0,2.5833333333333335,6.555008154496297,2,13.0,0.3051957248439334,2,21.0,0.0,4,34.0
3285.0,3,23.0,1.5333333333333334,6.2893002271708,1,6.0,0.6198375096946603,1,20.0,0.5186732349883104,2,26.0
3290.0,4,37.0,2.0555555555555554,7.682549358305587,1,8.0,0.4863686999179265,2,28.0,0.3671855453388429,3,36.0
3295.0,2,33.0,1.736842105263158,8.54475463881821,1,3.0,0.49433825131289544,1,30.0,0.547681633085222,2,33.0
3300.0,5,46.0,2.4210526315789473,7.424054841664061,2,13.0,0.4312438719185116,2,37.0,0.3135820044404168,4,50.0
3305.0,2,15.0,0.8823529411764706,6.520201298002378,2,22.0,0.40661658312078197,0,0.0,0.31218538536289303,2,22.0
3310.0,2,21.0,1.105263157894737,7.9655284038362995,2,21.0,0.32933622314123817,0,3.0,0.8166208647929839,2,24.0
3315.0,1,2.0,0.1,9.16398558457105,0,0.0,0.49090049339971864,1,2.0,0.5775492474041417,1,2.0
3320.0,3,8.0,0.47058823529411764,7.470397043909934,1,4.0,0.45034710794465743,1,4.0,0.5142467356532909,2,8.0
3325.0,3,15.0,0.8823529411764706,7.900873282650146,0,3.0,0.9633633185104845,3,15.0,0.29158376082404086,3,18.0
3330.0,1,0.0,0.0,8.380711071210742,0,3.0,0.7449578442295666,0,4.0,0.6491498100363374,0,7.0
3335.0,1,2.0,0.14285714285714285,9.148280233887832,0,5.0,0.9198763607806087,1,2.0,0.45345439746574717,1,7.0
3340.0,0,0.0,0.0,10.054606848221082,0,2.0,0.8932357246378343,0,0.0,0.6005171846302181,0,2.0
3345.0,0,0.0,0.0,9.5145540992004,0,0.0,0.5733298226749456,0,0.0,0.9022524316319934,0,0.0
3350.0,1,0.0,0.0,9.465671195841685,0,0.0,0.40638952947588347,0,0.0,0.8363084700216017,0,0.0
3355.0,3,6.0,0.46153846153846156,6.5674812133466345,2,6.0,0.0002635442192998764,0,0.0,0.3697868643985729,2,6.0
3360.0,3,16.0,1.2307692307692308,5.144918974535381,2,16.0,0.31474349214348996,0,2.0,0.06018145092640366,2,18.0
3365.0,2,4.0,0.25,7.736266273748708,0,3.0,0.8762948172173474,1,4.0,0.40554991510614785,1,7.0
3370.0,0,0.0,0.0,10.033346153420256,0,0.0,0.6612846596099006,0,0.0,0.7976631767358167,0,0.0
3375.0,3,4.0,0.23529411764705882,7.104576897481994,2,3.0,0.39368576993198967,1,2.0,0.004682810205599541,3,5.0
3380.0,4,19.0,1.1176470588235294,7.2081829138255475,3,14.0,0.4416918681479607,1,8.0,0.49600597515476363,4,22.0
3385.0,3,28.0,1.5555555555555556,8.110207818679005,2,21.0,0.5981557091193025,1,13.0,0.6657741562772037,3,34.0
3390.0,4,29.0,1.5263157894736843,7.12067630415401,2,31.0,0.3788272044841314,1,1.0,0.06083046128076308,3,32.0
3395.0,2,8.0,0.47058823529411764,7.769668598472267,1,2.0,0.46289097616340763,1,6.0,0.296408565605631,2,8.0
3400.0,3,21.0,1.4,8.325063199102017,1,7.0,0.5418764154938053,2,14.0,0.2208547771244065,3,21.0
3405.0,3,26.0,2.1666666666666665,7.581555145916323,1,2.0,0.571452690681928,2,24.0,0.45596838898927894,3,26.0
3410.0,3,41.0,3.727272727272727,6.312183550629968,1,7.0,0.5566991387918087,2,34.0,0.38830934347119606,3,41.0
3415.0,4,45.0,3.4615384615384617,6.72607768019182,1,1.0,0.6570469488334066,2,44.0,0.24258333686639427,3,45.0
3420.0,4,43.0,3.3076923076923075,6.377228139847786,1,6.0,0.0,3,37.0,0.28940821905425096,4,43.0
3425.0,4,52.0,3.7142857142857144,8.292648804568218,0,3.0,0.900531360044034,3,52.0,0.23060059079631048,3,55.0
3430.0,3,26.0,1.5294117647058822,7.199631793151235,0,3.0,0.9447671822371323,2,26.0,0.07640389926122072,2,29.0
3435.0,4,44.0,2.4444444444444446,8.389237123453748,1,6.0,0.21815350886245477,3,41.0,0.4463627929567509,4,47.0
3440.0,2,24.0,1.411764705882353,8.265224472272545,1,3.0,0.6695521529624413,1,21.0,0.5986357738536086,2,24.0
3445.0,4,38.0,2.375,7.144740248945825,1,11.0,0.3310685472135965,3,30.0,0.10777315167571073,4,41.0
3450.0,3,18.0,1.2,8.890270326198882,1,7.0,0.3387606488585127,2,14.0,0.4854933697060399,3,21.0
3455.0,5,35.0,2.9166666666666665,5.906708543320466,1,9.0,0.4821025491167534,3,29.0,0.3299196168594294,4,38.0
3460.0,4,34.0,2.2666666666666666,6.94392593757981,0,0.0,1.0,2,34.0,0.31331047496475,2,34.0
3465.0,3,44.0,2.933333333333333,8.598901652059627,0,3.0,0.804063704212691,2,47.0,0.4527487453075351,2,50.0
3470.0,2,54.0,3.176470588235294,9.907631644551358,0,3.0,0.8815076783623218,2,57.0,0.37949246140046555,2,60.0
3475.0,3,66.0,4.4,9.060611772213948,1,2.0,0.48017545837881703,2,64.0,0.5045870311149552,3,66.0
3480.0,2,36.0,2.0,7.604404535584038,0,0.0,0.010198474636720831,1,36.0,0.6403819357279773,1,36.0
3485.0,3,49.0,2.7222222222222223,8.151932206784377,1,8.0,0.5190526472310472,2,47.0,0.3003408326388094,3,55.0
3490.0,2,8.0,0.5,8.58724269317554,0,3.0,0.7923159849146179,1,8.0,0.35978660061925,1,11.0
3495.0,2,16.0,1.0,7.834303869996711,1,6.0,0.3288311137905712,1,13.0,0.647996794913992,2,19.0
3500.0,3,24.0,1.5,8.598959078536401,2,6.0,0.1938845604161953,1,18.0,0.0,3,24.0
3505.0,3,39.0,3.5454545454545454,8.069018033801363,2,16.0,0.4656741909252332,1,26.0,0.4333486048048371,3,42.0
3510.0,0,0.0,0.0,7.863381358792604,0,0.0,0.4443910974922978,0,0.0,0.8473651867642429,0,0.0
3515.0,1,3.0,0.3,10.571809394186902,1,3.0,9.001715032452444e-05,0,3.0,0.8966421670106889,1,6.0
3520.0,0,0.0,0.0,8.879921404208263,0,0.0,0.9974469051037792,0,3.0,0.6997990028214263,0,3.0
3525.0,5,5.0,0.5,5.099648400265002,1,2.0,0.0018184841677185884,2,9.0,0.28273931888325626,3,11.0
3530.0,0,0.0,0.0,8.129673239284944,0,0.0,0.5788262545768177,0,3.0,0.8989637381207443,0,3.0
3535.0,1,3.0,0.3333333333333333,11.276382160899436,1,3.0,0.5801072965281536,0,3.0,0.931393552241556,1,6.0
3540.0,0,0.0,0.0,9.342764685736958,0,0.0,0.21410108652884213,0,3.0,0.9530147511595134,0,3.0
3545.0,1,3.0,0.2,9.887869556602157,1,3.0,0.00023341361938122103,0,3.0,0.8621077704532271,1,6.0
3550.0,0,0.0,0.0,11.356473165677015,0,0.0,0.7602540857947914,0,0.0,0.8119910239419479,0,0.0
3555.0,3,4.0,0.36363636363636365,7.667539416056811,2,2.0,0.3426438947964162,1,2.0,0.36762084412683765,3,4.0
3560.0,3,8.0,0.8,4.45628272735793,2,9.0,0.25969858691444897,0,0.0,1.0,2,9.0
3565.0,2,18.0,1.8,8.99204104331849,2,21.0,0.43261350359082684,0,3.0,0.9403639885205868,2,24.0
3570.0,3,14.0,1.1666666666666667,7.217986929356162,1,15.0,0.4591610559949933,1,5.0,0.6119258274342562,2,20.0
3575.0,5,32.0,2.4615384615384617,6.6120651044905925,3,23.0,0.23880480061170598,2,15.0,0.29313409363798526,5,38.0
3580.0,4,36.0,2.769230769230769,4.877485446105268,2,29.0,0.257984774423737,1,13.0,0.35231321643594987,3,42.0
3585.0,6,57.0,4.071428571428571,5.332632453580997,3,45.0,0.2979666716120253,2,21.0,0.32754311268201913,5,66.0
3590.0,5,70.0,5.833333333333333,5.923991346853413,3,48.0,0.39247302831855835,2,31.0,3.793245709283095e-06,5,79.0
3595.0,6,95.0,6.785714285714286,6.696765082864112,3,60.0,0.24483858341555395,2,41.0,0.0,5,101.0
3600.0,1,42.0,3.0,6.676779510987973,1,56.0,0.06894000321923845,0,0.0,0.7745172302250485,1,56.0
3605.0,3,54.0,4.153846153846154,8.881369490921653,2,52.0,0.30919287304125204,1,5.0,0.34183424203389534,3,57.0
3610.0,1,52.0,4.0,8.707586258152656,1,52.0,0.5336400309991619,0,3.0,0.8213757114107648,1,55.0
3615.0,2,59.0,4.538461538461538,8.42074391871386,1,57.0,0.0,1,8.0,0.5642665127590493,2,65.0
3620.0,2,9.0,0.6923076923076923,7.294813505360294,0,0.0,1.0,2,10.0,0.5636718601932519,2,10.0
3625.0,3,19.0,1.2666666666666666,7.8650858836501705,0,0.0,1.0,2,17.0,0.3621408179438022,2,17.0
3630.0,2,12.0,0.8571428571428571,9.027292159874793,0,0.0,0.8104531462265847,1,12.0,0.2356676546191793,1,12.0
3635.0,2,21.0,1.9090909090909092,8.546241335282259,0,0.0,0.8529599259374867,2,21.0,1.3056013353952826e-05,2,21.0
3640.0,2,9.0,0.6923076923076923,7.1313241336083975,0,0.0,0.4685029245570262,1,9.0,0.4922788597031635,1,9.0
3645.0,3,15.0,1.1538461538461537,7.610764597850698,0,3.0,0.8492934333084277,2,15.0,0.31439658023912276,2,18.0
3650.0,1,3.0,0.25,7.785603757845183,0,0.0,0.7455498468136893,1,6.0,0.6352349440549051,1,6.0
3655.0,3,12.0,0.8,6.657434675863118,1,4.0,0.3097139321278276,1,11.0,0.534716306402445,2,15.0
3660.0,5,19.0,1.0555555555555556,6.595624553520501,4,18.0,0.31463512084355505,1,4.0,0.4623827161749402,5,22.0
3665.0,4,30.0,1.875,5.867354038192109,3,24.0,0.13161490532025374,1,9.0,0.48663981810165013,4,33.0
3670.0,8,61.0,4.066666666666666,5.774904271890573,6,50.0,0.1328105622064038,1,14.0,0.4900022585927287,7,64.0
3675.0,5,61.0,4.066666666666666,4.298791040241849,4,60.0,0.01938776921368096,1,19.0,0.0,5,79.0
3680.0,4,65.0,4.333333333333333,7.018122282420678,3,52.0,0.2530355794217606,1,27.0,0.5803326377238374,4,79.0
3685.0,4,77.0,4.529411764705882,7.497768511946759,3,59.0,0.45909235916873975,1,29.0,0.7383433883944571,4,88.0
3690.0,3,66.0,3.3,8.491759615262113,3,74.0,0.3349632170584385,0,0.0,0.6909712108980668,3,74.0
3695.0,3,16.0,0.8888888888888888,8.761561674964732,2,24.0,0.6037231212469334,0,0.0,0.5446759252787435,2,24.0
3700.0,4,29.0,1.6111111111111112,7.3589111866586085,3,37.0,0.014087016610878708,0,3.0,0.7650566720024551,3,40.0
3705.0,3,39.0,2.4375,7.842866581508555,2,47.0,0.1797373344640223,1,6.0,0.6180293364010133,3,53.0
3710.0,5,52.0,3.7142857142857144,6.090902378596833,4,59.0,0.11245600981465273,1,4.0,0.002145626744822091,5,63.0
3715.0,4,22.0,1.6923076923076923,6.3552506928607695,3,42.0,0.19141223572788507,1,9.0,9.945693173313683e-06,4,51.0
3720.0,3,31.0,2.2142857142857144,7.703861038070386,2,23.0,0.37490173198777677,1,17.0,0.6674945382538146,3,40.0
3725.0,1,0.0,0.0,8.343089615952294,0,0.0,0.7140358199056136,0,3.0,0.7827924062820145,0,3.0
3730.0,1,0.0,0.0,8.711975620519347,0,0.0,0.7048033492839249,0,0.0,0.7302259913149549,0,0.0
3735.0,2,6.0,0.35294117647058826,9.788512905826178,0,0.0,0.7944500065274454,2,6.0,0.5582640699405287,2,6.0
3740.0,4,18.0,1.125,7.622281387305993,0,0.0,0.739820159397555,3,18.0,0.31957171065878254,3,18.0
3745.0,3,30.0,1.875,6.692925600798393,0,0.0,0.9145886334945772,3,30.0,0.18554260859225868,3,30.0
3750.0,6,53.0,3.3125,6.9002737438706685,2,6.0,0.33112418579836717,4,50.0,0.34696445769932843,6,56.0
3755.0,4,67.0,4.466666666666667,4.776697936193502,1,10.0,0.5787979379243915,3,60.0,0.13434231936643778,4,70.0
3760.0,6,95.0,6.785714285714286,6.352903481722693,1,12.0,0.47944569390783687,5,83.0,0.1585465549384009,6,95.0
3765.0,3,35.0,1.9444444444444444,5.616069585967973,1,17.0,0.0,2,41.0,0.2863987748461551,3,58.0
3770.0,2,28.0,1.5555555555555556,9.055884340047514,0,0.0,0.9721615298248466,2,28.0,0.31939525053021933,2,28.0
3775.0,1,19.0,1.1176470588235294,8.925385751816291,0,0.0,0.737937085982816,1,19.0,0.0,1,19.0
3780.0,2,29.0,1.9333333333333333,9.600914790783351,1,8.0,0.6937449922490149,1,24.0,0.2511512394318877,2,32.0
3785.0,5,42.0,3.0,7.4498799726985805,3,16.0,0.09640612916221637,1,29.0,0.5602565880858711,4,45.0
3790.0,7,50.0,3.5714285714285716,3.3294129987095427,3,15.0,2.3254894458195205e-05,2,35.0,0.014935637021195,5,50.0
3795.0,5,35.0,2.5,5.019822500023166,3,30.0,0.26807969279722127,1,5.0,1.1577956510207232e-05,4,35.0
3800.0,3,28.0,2.0,7.494822903009195,2,18.0,0.21411689432994582,1,10.0,0.3616305171350211,3,28.0
3805.0,4,43.0,2.388888888888889,7.094868085058185,2,28.0,0.3530225689338109,1,18.0,0.6511580885613096,3,46.0
3810.0,5,62.0,2.9523809523809526,7.737009818070525,3,42.0,0.46847745784599715,1,23.0,0.626380246028498,4,65.0
3815.0,5,85.0,3.8636363636363638,6.4685976861602965,3,57.0,0.146885458763713,2,28.0,0.23673792403514657,5,85.0
3820.0,6,53.0,2.5238095238095237,5.802069697392458,3,40.0,0.22867205685174352,2,34.0,0.4251323045163014,5,74.0
3825.0,6,74.0,3.5238095238095237,6.516457456129785,3,32.0,0.22598287637999842,3,48.0,0.2858718693720414,6,80.0
3830.0,6,55.0,2.619047619047619,7.082716523481845,2,11.0,0.5086492281166732,3,50.0,0.4785574156809249,5,61.0
3835.0,7,84.0,4.0,5.6168576983831695,3,22.0,0.16153991080833197,4,68.0,0.1318881109489922,7,90.0
3840.0,9,51.0,2.4285714285714284,3.7632466959353392,4,28.0,0.07769274596594031,4,30.0,0.06942141280314282,8,58.0
3845.0,10,97.0,5.105263157894737,4.856067705835947,5,53.0,0.2594514470406966,5,56.0,0.1463939438152099,10,109.0
3850.0,7,79.0,4.157894736842105,5.29680889707596,4,59.0,0.24630581066849191,3,59.0,0.31968861901136436,7,118.0
3855.0,7,87.0,3.9545454545454546,6.17264560837927,4,55.0,0.22464524059195587,2,41.0,0.0,6,96.0
3860.0,2,16.0,0.7619047619047619,7.379722082456219,2,42.0,0.5537640166586135,0,22.0,0.14432310338405993,2,64.0
3865.0,5,31.0,1.4761904761904763,6.412956627552714,5,37.0,0.1415993183287591,0,3.0,0.6497467385108577,5,40.0
3870.0,5,32.0,1.1851851851851851,6.392090685083099,3,35.0,0.30124402314293963,1,2.0,0.5150634415140549,4,37.0
3875.0,3,45.0,1.8,8.196942873476964,3,45.0,0.26612219744315346,0,5.0,0.62771711117922,3,50.0
3880.0,4,22.0,0.8461538461538461,7.283512505947181,2,19.0,0.37498488307576877,2,9.0,0.4646720981598878,4,28.0
3885.0,5,35.0,1.2962962962962963,8.030708760333674,2,26.0,0.6568231119873448,3,12.0,0.372145496242495,5,38.0
3890.0,6,62.0,2.48,7.225919740176331,2,36.0,0.32845317544826014,4,29.0,0.0002923862726616167,6,65.0
3895.0,5,71.0,2.9583333333333335,8.36975848111494,2,46.0,0.305321508149847,2,29.0,0.5560792631207808,4,75.0
3900.0,4,91.0,3.7916666666666665,7.7133860945222885,2,56.0,0.2993514610288717,2,39.0,0.35401491260937673,4,95.0
3905.0,9,128.0,6.7368421052631575,4.988167571078594,3,70.0,0.28142483222183134,6,62.0,0.08305270924519473,9,132.0
3910.0,9,119.0,6.611111111111111,2.9338732077703495,6,95.0,0.14316357951115596,3,54.0,0.0460970449395802,9,149.0
3915.0,5,110.0,6.111111111111111,6.200450959035475,4,105.0,0.161097343846185,1,21.0,0.41207891927587864,5,126.0
3920.0,6,137.0,7.2105263157894735,6.673096010353501,4,118.0,0.006270506725716153,2,23.0,0.4647040443497862,6,141.0
3925.0,3,86.0,5.733333333333333,7.107726532458273,2,81.0,0.02957624170756838,1,26.0,0.7337831593348936,3,107.0
3930.0,5,103.0,6.4375,5.024763705796351,2,77.0,0.34549815030439135,2,36.0,0.22805250032824273,4,113.0
3935.0,2,11.0,0.55,7.859844048490189,0,17.0,0.6135160187598786,2,17.0,0.5749516816183291,2,34.0
3940.0,3,23.0,1.0454545454545454,8.155544057813048,1,2.0,0.387495680547387,2,24.0,0.49614162064058015,3,26.0
3945.0,3,5.0,0.23809523809523808,7.785805530057668,1,4.0,0.5170131335411027,2,17.0,0.048566404454364255,3,21.0
3950.0,4,22.0,1.1578947368421053,8.023191295703104,2,8.0,0.41828803776151946,2,17.0,0.35715790845580153,4,25.0
3955.0,4,14.0,0.875,5.65745010486607,2,8.0,0.013435362362467042,2,19.0,0.32034151937438704,4,27.0
3960.0,7,30.0,1.6666666666666667,5.280622283075898,3,24.0,0.34204987776484586,2,12.0,0.23953829147105912,5,36.0
3965.0,3,16.0,0.7619047619047619,7.917619042048944,1,14.0,0.746286613818393,1,5.0,0.5120123433221911,2,19.0
3970.0,5,29.0,1.3181818181818181,7.340793433268581,3,22.0,0.331496948312068,1,10.0,0.5672460003542421,4,32.0
3975.0,4,30.0,1.3043478260869565,7.087779842677801,2,34.0,0.2165321734913233,1,2.0,0.37691816463999733,3,36.0
3980.0,4,50.0,2.5,9.184436278367391,3,49.0,0.420386254062776,1,10.0,0.5722369340617496,4,59.0
3985.0,1,3.0,0.17647058823529413,7.448974539142462,1,6.0,0.520565146578141,0,3.0,0.7208556761772159,1,9.0
3990.0,4,15.0,0.7894736842105263,7.993081218408198,3,14.0,0.0008806646047016185,1,7.0,0.3014860868733567,4,21.0
3995.0,4,34.0,1.7894736842105263,8.186891391801984,2,23.0,0.2958570245575802,2,17.0,0.5159543198210533,4,40.0
4000.0,6,60.0,3.75,5.809086105159837,3,36.0,0.21660983975082998,3,30.0,0.15773076857996013,6,66.0
